"","Gene","log2FC","P.value","adj.P.value","sgnlFC"
"1","NBPF1",13.1820156678857,1.57215708825435e-17,1.20398831071938e-14,"+"
"2","ESYT1",-16.5245986798727,9.03190909591685e-18,1.20398831071938e-14,"-"
"3","ICAM5",-14.9284123910024,2.10948455666995e-17,1.20398831071938e-14,"-"
"4","MIR181D",14.9931022316696,1.81137323919691e-17,1.20398831071938e-14,"+"
"5","PRDM14",-11.9624624686369,2.06286900426816e-16,7.84921656124037e-14,"-"
"6","PRRG2",-15.6522682434776,1.72386555317079e-16,7.84921656124037e-14,"-"
"7","CD244",-13.9981418431355,2.88917112665737e-16,9.42282526022681e-14,"-"
"8","SSH1",15.2807815607847,3.66836167899867e-16,1.0243660416355e-13,"+"
"9","PABPN1",15.3593325464986,4.0382366950151e-16,1.0243660416355e-13,"+"
"10","DAB2IP",11.7129290107061,4.9233497110879e-16,1.12400073904137e-13,"+"
"11","DYRK1A",-14.1826474542428,7.17194652718426e-16,1.48850490196015e-13,"-"
"12","TMEM87B",15.1048300697228,8.19217310998573e-16,1.55856093417478e-13,"+"
"13","NAA40",14.8322611710831,1.7860327120044e-15,3.02340501702733e-13,"+"
"14","MAST3",-14.6451768252606,1.8540372421543e-15,3.02340501702733e-13,"-"
"15","CCND3",-12.9864761789553,3.43596287007635e-15,4.90722908797611e-13,"-"
"16","GNGT2",-13.2657386233091,3.43914434549355e-15,4.90722908797611e-13,"-"
"17","ARHGEF2",-12.8662869756183,3.78307729612841e-15,5.08045027474186e-13,"-"
"18","TLR10",-12.8670955453271,5.10197213939317e-15,5.97890847724629e-13,"-"
"19","HLA-A",14.3419847214358,5.23776476324686e-15,5.97890847724629e-13,"+"
"20","SUPV3L1",-14.2739698225628,5.15885969250173e-15,5.97890847724629e-13,"-"
"21","PRNP",14.3693774724533,5.81185273857116e-15,6.31831419150379e-13,"+"
"22","PIGV",14.1901604663483,6.30015958581888e-15,6.53784742473841e-13,"+"
"23","SLC35C2",14.3634757322627,6.84653341707524e-15,6.79592860486208e-13,"+"
"24","RRP12",-14.0492164326333,9.16701946254301e-15,8.72012726374403e-13,"-"
"25","LINC01063",-12.4529089553941,1.24411914220602e-14,1.09361236134955e-12,"-"
"26","CSF2",-12.5918450504647,1.24546304840509e-14,1.09361236134955e-12,"-"
"27","CTSC",-12.5484770961672,1.34529717000661e-14,1.13752349597226e-12,"-"
"28","SETX",-14.1213902581728,1.40527722170073e-14,1.14580282040813e-12,"-"
"29","IQGAP2",-12.4205741935224,1.50783377397757e-14,1.18702913999683e-12,"-"
"30","WAC-AS1",-13.9039656262072,1.99819259892437e-14,1.47157216236914e-12,"-"
"31","OASL",-12.2834651129456,1.99790768222986e-14,1.47157216236914e-12,"-"
"32","AOAH",-14.7458179313708,2.42489391218682e-14,1.73001025047579e-12,"-"
"33","MIR4777",13.8434026850534,2.79305581382282e-14,1.84740002555424e-12,"+"
"34","STARD4",13.8398135064835,2.77469599323423e-14,1.84740002555424e-12,"+"
"35","SPPL2A",-13.6212182265703,2.83219452012258e-14,1.84740002555424e-12,"-"
"36","GNA13",-12.1268847671575,3.34788089741679e-14,2.12311446911181e-12,"-"
"37","SUMF1",-13.7315682775552,3.73180978608658e-14,2.24203203727254e-12,"-"
"38","CCDC134",-13.7433892307389,3.63553164082001e-14,2.24203203727254e-12,"-"
"39","LPP-AS1",13.6411170576732,4.15351670190166e-14,2.43140477703628e-12,"+"
"40","HMMR",-13.5827961489169,4.28025395985448e-14,2.44295494758695e-12,"-"
"41","PSD4",-13.4512799932794,4.58878248013101e-14,2.55516839076563e-12,"-"
"42","EFNB1",11.9917317491376,5.41660178307464e-14,2.94430996922843e-12,"+"
"43","CPT1A",-13.5925251808433,5.8150510777234e-14,3.08738642103315e-12,"-"
"44","SH2D1B",-14.8023840570178,6.73919473435401e-14,3.49672308602959e-12,"-"
"45","FCGR3A",-11.7607857034053,1.10487704148112e-13,5.05195376775432e-12,"-"
"46","PPP1R15B",-13.2668649917125,1.08087454705429e-13,5.05195376775432e-12,"-"
"47","PGBD5",11.7618797472368,1.04066901979704e-13,5.05195376775432e-12,"+"
"48","MIR4464",-13.2242644217025,1.10132637057065e-13,5.05195376775432e-12,"-"
"49","ING1",-13.2868408310589,1.10642877086166e-13,5.05195376775432e-12,"-"
"50","SLC12A6",-13.217509849453,1.05998698102605e-13,5.05195376775432e-12,"-"
"51","KIR2DL3",-13.1968528977362,1.17780443967563e-13,5.2724069329009e-12,"-"
"52","PRKCE",11.628305583734,1.38433673086702e-13,6.07777068571038e-12,"+"
"53","EFNA3",-13.1158961754285,1.46778487900131e-13,6.28025902455904e-12,"-"
"54","BIN3",-11.6064706225149,1.48547519634774e-13,6.28025902455904e-12,"-"
"55","ECH1",-13.1321697727234,1.56093218448631e-13,6.47928759487681e-12,"-"
"56","SMG1P3",-13.150562627841,1.73326322938596e-13,7.06614277265743e-12,"-"
"57","EPN1",-13.0862894462499,1.88544600707988e-13,7.55170742835677e-12,"-"
"58","LINC02506",11.5509345714624,1.93352775868227e-13,7.59002072746879e-12,"+"
"59","LOC100130476",-13.029543704581,1.96150338554822e-13,7.59002072746879e-12,"-"
"60","SNORD54",-12.9374889456408,2.02502540175388e-13,7.70522165367352e-12,"-"
"61","ZNF737",12.9313490489079,2.1025681381803e-13,7.86911976961577e-12,"+"
"62","LOC105369911",-13.0834531575371,2.17597208207329e-13,8.01249074737634e-12,"-"
"63","ZBTB40",-13.04808187989,2.3375300850801e-13,8.42252408978821e-12,"-"
"64","HUWE1",-12.8783659041337,2.36111056393537e-13,8.42252408978821e-12,"-"
"65","MIR4435-2HG",-12.9215167681536,2.52143686284483e-13,8.8124675697323e-12,"-"
"66","MELK",11.4198208355652,2.54762531582274e-13,8.8124675697323e-12,"+"
"67","GPR174",-11.4631192144096,2.61871385017195e-13,8.92316973125754e-12,"-"
"68","KMT5C",-12.9768467462257,2.70993985846426e-13,9.09822455422633e-12,"-"
"69","TSPAN2",-12.81730713338,2.76601434920345e-13,9.15189965106012e-12,"-"
"70","GPX4",-11.426241500062,2.95696903221392e-13,9.64394328649198e-12,"-"
"71","TBX3",-11.3550456258757,3.20529831311036e-13,1.0306614153283e-11,"-"
"72","NPHP4",12.7870512636003,3.65999746857983e-13,1.14462660558462e-11,"+"
"73","FLJ45513",-11.3007869125142,3.62343198789655e-13,1.14462660558462e-11,"-"
"74","BANF1",-12.7925284340584,3.85322017526339e-13,1.18877049461166e-11,"-"
"75","MIR5192",-12.6830901470518,3.95776332922812e-13,1.20474315741704e-11,"-"
"76","GPD2",-12.8163657122175,4.09946126766677e-13,1.23145658869516e-11,"-"
"77","RNF38",-12.6672316869288,4.24695739373507e-13,1.2442103964061e-11,"-"
"78","CNOT1",-12.7924462566662,4.25091594041507e-13,1.2442103964061e-11,"-"
"79","HBS1L",12.6284329844031,4.43147155610687e-13,1.28063918513823e-11,"+"
"80","CYTH4",-12.706106500627,4.7909432371248e-13,1.36721542629449e-11,"-"
"81","DDX24",-12.7574143597935,5.21692714824368e-13,1.47040057770868e-11,"-"
"82","BRINP3",-11.1848253696793,5.39326870589455e-13,1.50156493360454e-11,"-"
"83","MIR1202",12.6056582288859,5.73576378851126e-13,1.56848332370373e-11,"+"
"84","TWIST1",11.1169543487112,5.83973204182293e-13,1.56848332370373e-11,"+"
"85","LMNTD1",-12.571710250225,5.78091256935412e-13,1.56848332370373e-11,"-"
"86","PTPN22",-12.5064743736999,6.12070978909999e-13,1.61243280889088e-11,"-"
"87","LY6E-DT",-12.6500589646339,6.14461911403884e-13,1.61243280889088e-11,"-"
"88","MIR3132",12.6263457009765,6.41772917955359e-13,1.6649631496501e-11,"+"
"89","KMT2C",-12.6381993103307,6.55888744247917e-13,1.68246517204269e-11,"-"
"90","KBTBD2",12.5386245695534,6.87756739346057e-13,1.7446095954745e-11,"+"
"91","KLRG1",12.5912518133069,7.49063256210264e-13,1.87518899601483e-11,"+"
"92","DDX3X",14.482228037236,7.55660918236377e-13,1.87518899601483e-11,"+"
"93","DAG1",-12.42773006349,7.74694030638001e-13,1.90174889456619e-11,"-"
"94","P2RX5",-12.4533496327381,8.07254689971402e-13,1.96059835872841e-11,"-"
"95","HS1BP3",12.350408967028,9.0423801924091e-13,2.17034634762955e-11,"+"
"96","TET3",-14.7969835426442,9.22135767499194e-13,2.17034634762955e-11,"-"
"97","L3MBTL4",-10.9575155044279,9.1361668224948e-13,2.17034634762955e-11,"-"
"98","ZSCAN22",-12.3928932659935,1.04087038887956e-12,2.42480316103268e-11,"-"
"99","IL2RG",-12.352579948285,1.05737232997363e-12,2.4383646760907e-11,"-"
"100","IL18RAP",-12.3260051694801,1.14421222193155e-12,2.61223650266974e-11,"-"
"101","TM4SF4",-12.2587832312831,1.16008233458664e-12,2.62224551471417e-11,"-"
"102","AMZ1",-10.8390911655683,1.20361021853226e-12,2.68010383626809e-11,"-"
"103","CYP2A13",-12.2731406623866,1.20915766594662e-12,2.68010383626809e-11,"-"
"104","LINC00641",12.2668887457765,1.29142329428159e-12,2.8349224815816e-11,"+"
"105","PCDHGA12",12.2900125178805,1.34388736798364e-12,2.92199510581587e-11,"+"
"106","RNF216",-12.2090273914778,1.41506949297443e-12,3.04773929477416e-11,"-"
"107","FCGBP",-12.243006453862,1.44301885007374e-12,3.07888975207321e-11,"-"
"108","TRMT61A",10.7943224990901,1.57778819331893e-12,3.33526893087695e-11,"+"
"109","ZNF205",-12.2424873637468,1.62485572779294e-12,3.40325286839567e-11,"-"
"110","LOC101928725",-12.1717693570859,1.73396380154284e-12,3.59876305356572e-11,"-"
"111","STAM2",-12.1425259124873,1.88898002065696e-12,3.78293104136828e-11,"-"
"112","ATP6V1H",-12.1515514336143,1.85113904223593e-12,3.78293104136828e-11,"-"
"113","SORL1",13.1885111660378,1.88849949548478e-12,3.78293104136828e-11,"+"
"114","TMEM266",12.2086730138784,1.86103003015942e-12,3.78293104136828e-11,"+"
"115","KIAA0930",12.1047572178328,1.91921443767286e-12,3.81005787931056e-11,"+"
"116","GLIPR2",-12.0945096804071,1.94322637113903e-12,3.82447052181932e-11,"-"
"117","GPR25",-12.0195736689518,2.28645612411575e-12,4.46152079603099e-11,"-"
"118","C11orf87",12.1132134220123,2.33504094131041e-12,4.47974661261485e-11,"+"
"119","MIR4755",-11.996314185557,2.3258145343898e-12,4.47974661261485e-11,"-"
"120","CHRNA1",-12.0753377105479,2.47806055614089e-12,4.63722315546692e-11,"-"
"121","TMEM242",-13.9474545584242,2.4620577130767e-12,4.63722315546692e-11,"-"
"122","PLPP7",-12.0763484025273,2.47634825260929e-12,4.63722315546692e-11,"-"
"123","CCDC189",11.946018700055,2.76065569780402e-12,5.12404630738746e-11,"+"
"124","ARHGAP35",11.9297170799249,2.83747993414378e-12,5.22416668520181e-11,"+"
"125","HPN",-11.9958101636183,2.88711299035332e-12,5.2730231655813e-11,"-"
"126","SH2D4A",-11.9334436498349,2.91116801757644e-12,5.2747591937516e-11,"-"
"127","MIR4253",-11.9643157063435,3.08545798382111e-12,5.54653588745165e-11,"-"
"128","NLRP7",-11.8736837257083,3.16541533976077e-12,5.64581501615143e-11,"-"
"129","EBLN2",-11.9616838847815,3.24052507103342e-12,5.73497576524751e-11,"-"
"130","KPNA1",11.9647768166729,3.34276680292826e-12,5.87041277775785e-11,"+"
"131","LIPC-AS1",-14.0583187100844,3.39456245261301e-12,5.91586723611871e-11,"-"
"132","CAB39",-11.8447373935872,3.54830936419026e-12,6.09081975823036e-11,"-"
"133","HDHD2",-11.8447373935872,3.54830936419026e-12,6.09081975823036e-11,"-"
"134","KIR2DL1",-15.0786746274641,3.57762410236062e-12,6.09531031767857e-11,"-"
"135","VAV3",11.8274811449284,3.70447158745289e-12,6.264673062337e-11,"+"
"136","THUMPD3-AS1",-11.8321810279914,3.94778370816155e-12,6.44469174992901e-11,"-"
"137","C9orf85",11.8276752871756,3.95169253663519e-12,6.44469174992901e-11,"+"
"138","LTBP2",14.9609502953911,3.90720832851662e-12,6.44469174992901e-11,"+"
"139","FAH",-11.9098164440432,3.95206677612817e-12,6.44469174992901e-11,"-"
"140","CHAF1B",-11.9098164440432,3.95206677612817e-12,6.44469174992901e-11,"-"
"141","GSDMD",11.848761487603,4.05998152900932e-12,6.57371477356615e-11,"+"
"142","KIR3DS1",-11.7727424593733,4.17727151012357e-12,6.71599356169867e-11,"-"
"143","MIR4493",-11.7477834494093,4.40802078398784e-12,7.03742059429667e-11,"-"
"144","IGF2R",-15.327180184485,4.58192494765396e-12,7.26426017742638e-11,"-"
"145","THEMIS2",-11.7510662384579,5.43063716650586e-12,8.49187989803622e-11,"-"
"146","MIR1537",11.7727495198662,5.42035827982068e-12,8.49187989803622e-11,"+"
"147","ZNF583",-11.6682664353123,5.4962585002243e-12,8.5360259564708e-11,"-"
"148","ACTR5",11.6455090490598,5.81283485054866e-12,8.90651138510241e-11,"+"
"149","TMPRSS6",-12.7051090582914,5.80482396073379e-12,8.90651138510241e-11,"-"
"150","FAR2",-11.5875558232573,6.99326273934127e-12,1.05036966012606e-10,"-"
"151","OAZ2",-11.6191201757886,6.93200522328723e-12,1.05036966012606e-10,"-"
"152","CTRB2",-11.592533096015,6.9503763635139e-12,1.05036966012606e-10,"-"
"153","MACF1",-11.6110447397076,7.08248369872339e-12,1.05681766563304e-10,"-"
"154","DCTN1",-11.6551073243452,7.38882771472628e-12,1.0953697190078e-10,"-"
"155","CDC42BPG",-11.5474625354208,7.85579016898568e-12,1.15708186811576e-10,"-"
"156","HIC1",-11.5055779465759,7.9616185459443e-12,1.16515225258916e-10,"-"
"157","TGOLN2",-11.596613534545,8.35924329718018e-12,1.21555111130333e-10,"-"
"158","LOC101928126",-11.4845937979452,8.76497632330417e-12,1.26648360418376e-10,"-"
"159","RELT",-11.4593761836642,9.07266510104278e-12,1.30269776262143e-10,"-"
"160","ZNF709",-11.4659161793684,9.47709081656933e-12,1.35226239588924e-10,"-"
"161","AP3M1",11.4513721959347,9.68923454250479e-12,1.37394549444338e-10,"+"
"162","FAM222A",11.444089486206,1.0137804387939e-11,1.42867947022622e-10,"+"
"163","LOC339803",-11.4469619093452,1.04802927635048e-11,1.45893343774887e-10,"-"
"164","NGFR",-11.4140493551662,1.04610386322016e-11,1.45893343774887e-10,"-"
"165","MDM1",-11.4504642445777,1.06784667283882e-11,1.47751148732789e-10,"-"
"166","ARMC2-AS1",-11.3786244655461,1.09041808699341e-11,1.49965330879876e-10,"-"
"167","LSM14A",-11.411205534955,1.15516957444568e-11,1.57919289728113e-10,"-"
"168","TRIM29",11.339417311283,1.20228333762797e-11,1.61459579988509e-10,"+"
"169","GLG1",-11.3472756202606,1.20058985402186e-11,1.61459579988509e-10,"-"
"170","GAB3",-11.3564598365425,1.19715587356405e-11,1.61459579988509e-10,"-"
"171","TMOD2",-11.3413012902752,1.21907196022546e-11,1.62756800303786e-10,"-"
"172","FAM198A",11.3763209944242,1.23802028949869e-11,1.63375741093961e-10,"+"
"173","TMIE",-11.3402779991922,1.23636679137208e-11,1.63375741093961e-10,"-"
"174","NEUROG3",-11.3572473334346,1.26527159615321e-11,1.66012359426309e-10,"-"
"175","OSBPL10-AS1",11.3189998926613,1.30463824408629e-11,1.70199377785657e-10,"+"
"176","MIR718",-11.3125361901911,1.31454400599948e-11,1.70517270778228e-10,"-"
"177","TRIM55",-11.3440121342831,1.33054243773926e-11,1.71617422901623e-10,"-"
"178","LINC02076",11.3053491969621,1.34520313374659e-11,1.72533637884464e-10,"+"
"179","MIR6843",-11.3685409943731,1.38881357724323e-11,1.77131921611525e-10,"-"
"180","FNDC11",-11.2874106669881,1.40870188573783e-11,1.78670355841081e-10,"-"
"181","INTS7",-11.2650300580812,1.44456541096157e-11,1.82206786366037e-10,"-"
"182","ZNF683",-11.296896298899,1.46465379991057e-11,1.82482465103216e-10,"-"
"183","LINC02608",-11.3057763066354,1.47073033635531e-11,1.82482465103216e-10,"-"
"184","LETM2",11.3239646459846,1.45862772388304e-11,1.82482465103216e-10,"+"
"185","ARIH1",11.3024323301693,1.49406048755928e-11,1.8437514016745e-10,"+"
"186","DPP4",-11.2449062473959,1.52110163801152e-11,1.8670295911722e-10,"-"
"187","LRRC14B",-11.242888804622,1.67041504023603e-11,2.00972938522021e-10,"-"
"188","CEL",-11.1996504879099,1.67257373277197e-11,2.00972938522021e-10,"-"
"189","ITIH5",-11.242888804622,1.67041504023603e-11,2.00972938522021e-10,"-"
"190","UBASH3A",-11.1996504879099,1.67257373277197e-11,2.00972938522021e-10,"-"
"191","SCX",11.1994196861829,1.77415135169159e-11,2.12062174655074e-10,"+"
"192","ZFAND2A",11.1766596510608,1.79446853802795e-11,2.12282890741718e-10,"+"
"193","NEAT1",-14.4639113604946,1.79459473995407e-11,2.12282890741718e-10,"-"
"194","IER2",13.9466434287098,1.83204526600517e-11,2.15595842386072e-10,"+"
"195","HTR6",11.1396903918813,2.0260278101151e-11,2.36168767466751e-10,"+"
"196","KCND3-IT1",11.1549379871202,2.04496143598798e-11,2.36168767466751e-10,"+"
"197","CRYGN",-11.1491793473508,2.05858890608337e-11,2.36168767466751e-10,"-"
"198","SLC35D2",-11.1491793473508,2.05858890608337e-11,2.36168767466751e-10,"-"
"199","DOCK11",-11.1491793473508,2.05858890608337e-11,2.36168767466751e-10,"-"
"200","MIR4308",-11.1053946309364,2.07835969195658e-11,2.37244758836844e-10,"-"
"201","PWWP2B",-13.9745041232871,2.10618564542411e-11,2.39224966592202e-10,"-"
"202","SLC1A4",-11.1045502416156,2.16954549187829e-11,2.40440405726123e-10,"-"
"203","ACOXL-AS1",-11.1045502416156,2.16954549187829e-11,2.40440405726123e-10,"-"
"204","NKD2",-11.115613773285,2.15802711554582e-11,2.40440405726123e-10,"-"
"205","SETD6",11.0969818824457,2.13306731730489e-11,2.40440405726123e-10,"+"
"206","FAM19A5",-11.0914471100551,2.16445930989956e-11,2.40440405726123e-10,"-"
"207","CCNL1",-11.1525294413425,2.20830243138168e-11,2.43553355113255e-10,"-"
"208","SMARCAL1",-11.0727214501254,2.23825432369914e-11,2.4566993370217e-10,"-"
"209","TCIRG1",-11.0409502279032,2.37191101480307e-11,2.59094394583512e-10,"-"
"210","PITRM1",-11.0523989212405,2.40367095821135e-11,2.61313371314119e-10,"-"
"211","ZCCHC17",-11.0501291940023,2.42339907802533e-11,2.62209483181603e-10,"-"
"212","KHDC4",-11.0305305763115,2.45548306214446e-11,2.63720476413253e-10,"-"
"213","TJP2",11.0190479851663,2.46415211865898e-11,2.63720476413253e-10,"+"
"214","KIAA1210",-11.0576400971359,2.47201848236689e-11,2.63720476413253e-10,"-"
"215","OSBPL3",-11.0212191899532,2.52662563069975e-11,2.65218998367563e-10,"-"
"216","FKBP11",-11.0305540046514,2.53253358055754e-11,2.65218998367563e-10,"-"
"217","LOC730202",-11.0305540046514,2.53253358055754e-11,2.65218998367563e-10,"-"
"218","MED14",-11.0305540046514,2.53253358055754e-11,2.65218998367563e-10,"-"
"219","EDEM3",11.0143629474678,2.64650063797596e-11,2.75888628150645e-10,"+"
"220","GHET1",10.9765948452099,2.73868154495624e-11,2.82914478150909e-10,"+"
"221","SUGP1",10.9765948452099,2.73868154495624e-11,2.82914478150909e-10,"+"
"222","MIR3135A",-10.9787138553844,2.93736236563066e-11,3.02071994627693e-10,"-"
"223","SSPO",10.9326850943507,3.05319663864867e-11,3.12576140180938e-10,"+"
"224","MAMSTR",-14.0672653118437,3.1410486298007e-11,3.20134554546205e-10,"-"
"225","PROX1",10.9079107609063,3.21887581024055e-11,3.26608598879075e-10,"+"
"226","C4orf48",-10.9059983475712,3.28329028598319e-11,3.26922432082287e-10,"-"
"227","CASC6",-10.9132859657371,3.29335333100262e-11,3.26922432082287e-10,"-"
"228","NPSR1",-10.9132859657371,3.29335333100262e-11,3.26922432082287e-10,"-"
"229","RFX2",-10.9059983475712,3.28329028598319e-11,3.26922432082287e-10,"-"
"230","P2RY11",-10.8990159796072,3.29356808492887e-11,3.26922432082287e-10,"-"
"231","MIR1260A",-10.910637138575,3.34448275091001e-11,3.30539139408119e-10,"-"
"232","DPYD-AS2",10.911559636716,3.38237546012018e-11,3.32843240321309e-10,"+"
"233","GPR78",10.8442671802598,3.66616464325207e-11,3.5407961502344e-10,"+"
"234","SFT2D1",-10.8475642754744,3.67867713935471e-11,3.5407961502344e-10,"-"
"235","LOC101929116",10.8611432447907,3.67944441229725e-11,3.5407961502344e-10,"+"
"236","LINC00374",10.8555881564862,3.65291053914543e-11,3.5407961502344e-10,"+"
"237","OR1F1",-10.8475642754744,3.67867713935471e-11,3.5407961502344e-10,"-"
"238","MPRIP",-11.0046664571591,3.6912373357678e-11,3.5407961502344e-10,"-"
"239","MGRN1",-10.8519066821109,3.77245594303575e-11,3.57365847217868e-10,"-"
"240","MIR5093",-10.8519066821109,3.77245594303575e-11,3.57365847217868e-10,"-"
"241","GPR101",-10.8519066821109,3.77245594303575e-11,3.57365847217868e-10,"-"
"242","RPAP3",-10.839069637454,3.80997426107036e-11,3.59428563554695e-10,"-"
"243","LINC01815",10.7993515307477,3.97844702729391e-11,3.72245678824262e-10,"+"
"244","WNT5A",10.7993515307477,3.97844702729391e-11,3.72245678824262e-10,"+"
"245","ALDH4A1",10.7902170771878,4.05685150079995e-11,3.74971335073938e-10,"+"
"246","TNIK",10.7902170771878,4.05685150079995e-11,3.74971335073938e-10,"+"
"247","SHC2",10.7966637039611,4.04280234878873e-11,3.74971335073938e-10,"+"
"248","HLA-C",-14.6176224385002,4.1690965644265e-11,3.82954034322772e-10,"-"
"249","FLNA",-13.3934617425134,4.17676542034035e-11,3.82954034322772e-10,"-"
"250","LIN54",10.7835083001603,4.24571558337176e-11,3.83121291574614e-10,"+"
"251","STK17A",13.2901629955553,4.21151856648574e-11,3.83121291574614e-10,"+"
"252","TMEM75",10.8019696062722,4.24392889349853e-11,3.83121291574614e-10,"+"
"253","FBN3",10.8019696062722,4.24392889349853e-11,3.83121291574614e-10,"+"
"254","COA7",-10.8225231287237,4.30698096514909e-11,3.87119588324227e-10,"-"
"255","VGLL3",10.7480404751885,4.44441198484657e-11,3.96937383742637e-10,"+"
"256","NPRL3",-13.2170262404223,4.45098424170456e-11,3.96937383742637e-10,"-"
"257","FAM9B",10.7652141451715,4.52258374595318e-11,4.01753256498487e-10,"+"
"258","MIR1289-2",-10.7449962073644,4.73576917046743e-11,4.19020460980353e-10,"-"
"259","STRA6",10.7626256997914,4.75367058230011e-11,4.19020460980353e-10,"+"
"260","ETV7",10.7181386051987,4.8739184840737e-11,4.25004557345545e-10,"+"
"261","SRGN",-13.6258857776268,4.87371163456803e-11,4.25004557345545e-10,"-"
"262","MIR195",-10.7551149050103,4.87740665898085e-11,4.25004557345545e-10,"-"
"263","LINC01080",10.7035341481223,4.89694121359198e-11,4.25084288617129e-10,"+"
"264","NHLRC3",-10.7376424619874,4.95845821032338e-11,4.2879394296092e-10,"-"
"265","KRTAP5-AS1",-10.7312928359495,5.13860321967854e-11,4.42695515114193e-10,"-"
"266","MIR641",-10.68502512347,5.16229641133952e-11,4.43064763424366e-10,"-"
"267","APBA3",-10.6878276961312,5.2289367570879e-11,4.47103468780212e-10,"-"
"268","SLC2A12",10.6766073552226,5.30643047641625e-11,4.5203659618128e-10,"+"
"269","MIR4774",-10.659862367493,5.49633141745499e-11,4.54662483528926e-10,"-"
"270","CCDC140",-10.6540229466003,5.49657667341145e-11,4.54662483528926e-10,"-"
"271","TRAF3IP2",-10.6540229466003,5.49657667341145e-11,4.54662483528926e-10,"-"
"272","SNX8",-15.5770889112307,5.39179876643724e-11,4.54662483528926e-10,"-"
"273","BUD31",-10.6626224304044,5.450163450156e-11,4.54662483528926e-10,"-"
"274","LINC00051",-10.6626224304044,5.450163450156e-11,4.54662483528926e-10,"-"
"275","FBXL15",-10.6540229466003,5.49657667341145e-11,4.54662483528926e-10,"-"
"276","LOC100505942",-10.6540229466003,5.49657667341145e-11,4.54662483528926e-10,"-"
"277","NDFIP1",10.657822479221,5.68501900920176e-11,4.66866848849195e-10,"+"
"278","MIR548AG2",10.657822479221,5.68501900920176e-11,4.66866848849195e-10,"+"
"279","MIR548I2",-10.6488658243734,5.71737845072749e-11,4.67841397957378e-10,"-"
"280","PAX8",10.6534028222793,5.74803540702019e-11,4.68670172650968e-10,"+"
"281","LINC01907",-10.6473372723493,5.99911961502369e-11,4.83957246681947e-10,"-"
"282","MIR3074",-10.6218967652498,5.99480468190865e-11,4.83957246681947e-10,"-"
"283","LOC100129027",-10.6218967652498,5.99480468190865e-11,4.83957246681947e-10,"-"
"284","SYNDIG1L",10.6118111976253,6.04507020925336e-11,4.8594701717343e-10,"+"
"285","PSMG4",10.5936211408543,6.14070720165663e-11,4.90183025922451e-10,"+"
"286","ENOX1-AS2",10.5936211408543,6.14070720165663e-11,4.90183025922451e-10,"+"
"287","LINC01913",10.5863648689963,6.23804472618675e-11,4.94495003815429e-10,"+"
"288","MIR5587",10.5863648689963,6.23804472618675e-11,4.94495003815429e-10,"+"
"289","LOC285889",-10.5862165253653,6.49793387740159e-11,5.11544242831305e-10,"-"
"290","TNRC6B",15.2566985603341,6.48500889319085e-11,5.11544242831305e-10,"+"
"291","RNU4ATAC",-13.0972700946727,6.61656613461873e-11,5.15550187212784e-10,"-"
"292","MTMR12",-13.2995439083522,6.58631336519123e-11,5.15550187212784e-10,"-"
"293","LOC101929613",10.5719941462316,6.60197410822878e-11,5.15550187212784e-10,"+"
"294","GAK",10.5578698403399,6.8108993618326e-11,5.24286682203564e-10,"+"
"295","ANKRD46",10.5457596822115,6.82054947938933e-11,5.24286682203564e-10,"+"
"296","SCN8A",10.5578698403399,6.8108993618326e-11,5.24286682203564e-10,"+"
"297","MXRA5",10.5578698403399,6.8108993618326e-11,5.24286682203564e-10,"+"
"298","ZBBX",10.555394146066,6.91445276657002e-11,5.27949687828741e-10,"+"
"299","LOC101928944",10.555394146066,6.91445276657002e-11,5.27949687828741e-10,"+"
"300","SARNP",10.546980353131,6.96140589612856e-11,5.29762988695384e-10,"+"
"301","L2HGDH",13.7316082076004,7.46329189907105e-11,5.66069614803296e-10,"+"
"302","MIR4458HG",-10.5082700006278,7.5389857711236e-11,5.66167911693263e-10,"-"
"303","LINC00602",-10.5082700006278,7.5389857711236e-11,5.66167911693263e-10,"-"
"304","LINC00477",-10.5082700006278,7.5389857711236e-11,5.66167911693263e-10,"-"
"305","CCDC187",-10.5047652179194,7.66425806628317e-11,5.73688562797524e-10,"-"
"306","MIR378G",10.5050332160814,7.7775944439642e-11,5.80269546260466e-10,"+"
"307","LINC00603",-12.3402476502438,8.01697133896932e-11,5.93674774315553e-10,"-"
"308","MEF2C",-13.919581217466,7.99057209471476e-11,5.93674774315553e-10,"-"
"309","LINC02227",-10.4867781472711,8.08729105616018e-11,5.93674774315553e-10,"-"
"310","UBR5-AS1",-10.4867781472711,8.08729105616018e-11,5.93674774315553e-10,"-"
"311","MIR4318",-10.4867781472711,8.08729105616018e-11,5.93674774315553e-10,"-"
"312","SPAG17",10.4694112944633,8.13990255239903e-11,5.95621715613045e-10,"+"
"313","TBPL1",-10.464899602355,8.19092770506388e-11,5.97440509605777e-10,"-"
"314","AHDC1",-13.2097603981588,8.30064235316882e-11,6.03514856442179e-10,"-"
"315","EPHB3",10.4512095444446,8.39300716476079e-11,6.06163087709192e-10,"+"
"316","TAS2R1",10.4512095444446,8.39300716476079e-11,6.06163087709192e-10,"+"
"317","CYFIP2",-10.4370389734874,8.57501956612126e-11,6.06163087709192e-10,"-"
"318","SLC22A23",-10.4370389734874,8.57501956612126e-11,6.06163087709192e-10,"-"
"319","TMEM170B",-10.4370389734874,8.57501956612126e-11,6.06163087709192e-10,"-"
"320","LINC01372",-10.4370389734874,8.57501956612126e-11,6.06163087709192e-10,"-"
"321","PTPRD-AS2",-10.4370389734874,8.57501956612126e-11,6.06163087709192e-10,"-"
"322","NTS",-10.4370389734874,8.57501956612126e-11,6.06163087709192e-10,"-"
"323","MGAT5B",10.4439069378685,8.57602616426059e-11,6.06163087709192e-10,"+"
"324","ZNF644",-10.4578036922373,8.8211086438187e-11,6.19648954887326e-10,"-"
"325","RRM2B",-10.4578036922373,8.8211086438187e-11,6.19648954887326e-10,"-"
"326","STAB1",-10.4283925887908,9.24298067828245e-11,6.42762019989566e-10,"-"
"327","MYH15",-10.4179728261596,9.34721816191573e-11,6.42762019989566e-10,"-"
"328","PIGX",-10.4283925887908,9.24298067828245e-11,6.42762019989566e-10,"-"
"329","LSMEM1",-10.4249393656478,9.33095899725215e-11,6.42762019989566e-10,"-"
"330","MTMR2",-10.4283925887908,9.24298067828245e-11,6.42762019989566e-10,"-"
"331","ARL6IP1",-10.4179728261596,9.34721816191573e-11,6.42762019989566e-10,"-"
"332","SLC39A11",-10.4179728261596,9.34721816191573e-11,6.42762019989566e-10,"-"
"333","OSR1",10.3692176662207,9.98442212590087e-11,6.65449073119385e-10,"+"
"334","CAPN13",-10.361810175768,1.01143595432513e-10,6.65449073119385e-10,"-"
"335","POU1F1",-10.361810175768,1.01143595432513e-10,6.65449073119385e-10,"-"
"336","CD96",10.3692176662207,9.98442212590087e-11,6.65449073119385e-10,"+"
"337","GALNT7",-10.361810175768,1.01143595432513e-10,6.65449073119385e-10,"-"
"338","LOC101928858",10.3638573131131,1.01071141918492e-10,6.65449073119385e-10,"+"
"339","VTRNA2-1",-10.361810175768,1.01143595432513e-10,6.65449073119385e-10,"-"
"340","NRSN1",-10.361810175768,1.01143595432513e-10,6.65449073119385e-10,"-"
"341","LOC101929709",-10.361810175768,1.01143595432513e-10,6.65449073119385e-10,"-"
"342","NELL1",-10.361810175768,1.01143595432513e-10,6.65449073119385e-10,"-"
"343","SLC7A8",10.3692176662207,9.98442212590087e-11,6.65449073119385e-10,"+"
"344","RAP1GAP2",-12.8670994462151,9.95520051457042e-11,6.65449073119385e-10,"-"
"345","CBLN4",10.3638573131131,1.01071141918492e-10,6.65449073119385e-10,"+"
"346","CYYR1",-10.3872420024935,9.81043957400375e-11,6.65449073119385e-10,"-"
"347","USP18",10.3692176662207,9.98442212590087e-11,6.65449073119385e-10,"+"
"348","MPHOSPH10",-10.3578422122132,1.02908737630733e-10,6.65554243657121e-10,"-"
"349","EIF1B",-10.3578422122132,1.02908737630733e-10,6.65554243657121e-10,"-"
"350","HSF2",-10.3578422122132,1.02908737630733e-10,6.65554243657121e-10,"-"
"351","MIR548F4",-10.3578422122132,1.02908737630733e-10,6.65554243657121e-10,"-"
"352","LOC100506302",-10.3578422122132,1.02908737630733e-10,6.65554243657121e-10,"-"
"353","PCAT14",-10.3578422122132,1.02908737630733e-10,6.65554243657121e-10,"-"
"354","GPAT3",-10.3556740800184,1.05324295365039e-10,6.79252447227073e-10,"-"
"355","MIR5702",10.3113277933967,1.10765735519862e-10,6.94720258768803e-10,"+"
"356","VCAN",10.3113277933967,1.10765735519862e-10,6.94720258768803e-10,"+"
"357","LOC101927969",10.3113277933967,1.10765735519862e-10,6.94720258768803e-10,"+"
"358","SEMA4G",10.3113277933967,1.10765735519862e-10,6.94720258768803e-10,"+"
"359","INSC",10.3113277933967,1.10765735519862e-10,6.94720258768803e-10,"+"
"360","RCE1",10.3113277933967,1.10765735519862e-10,6.94720258768803e-10,"+"
"361","NDUFAB1",10.3113277933967,1.10765735519862e-10,6.94720258768803e-10,"+"
"362","TRPV1",10.3113277933967,1.10765735519862e-10,6.94720258768803e-10,"+"
"363","HAR1A",10.3253741676225,1.10464553945461e-10,6.94720258768803e-10,"+"
"364","DIAPH2-AS1",10.3113277933967,1.10765735519862e-10,6.94720258768803e-10,"+"
"365","BRPF1",10.3024640420451,1.12764667883691e-10,7.01476122012169e-10,"+"
"366","TBX2",10.3024640420451,1.12764667883691e-10,7.01476122012169e-10,"+"
"367","LINC00470",10.3024640420451,1.12764667883691e-10,7.01476122012169e-10,"+"
"368","MIATNB",-13.5211786912968,1.13446602492412e-10,7.03800525788524e-10,"-"
"369","PRKCB",13.5107248210921,1.19329675654021e-10,7.38291733111462e-10,"+"
"370","NRG1",10.2738221675638,1.20560480674335e-10,7.43890749674343e-10,"+"
"371","ANTXR2",10.2530191248297,1.24750138121478e-10,7.63551113488832e-10,"+"
"372","GIMD1",10.2530191248297,1.24750138121478e-10,7.63551113488832e-10,"+"
"373","ZNF836",10.2530191248297,1.24750138121478e-10,7.63551113488832e-10,"+"
"374","NKIRAS1",10.2525941912603,1.27368333361328e-10,7.75418413503763e-10,"+"
"375","SPIN4",10.2525941912603,1.27368333361328e-10,7.75418413503763e-10,"+"
"376","GOLPH3L",10.2228859714387,1.32916312493951e-10,8.049017013891e-10,"+"
"377","FAM71C",10.2228859714387,1.32916312493951e-10,8.049017013891e-10,"+"
"378","BEND3",-10.1984259223733,1.41756450636667e-10,8.53904951988156e-10,"-"
"379","LOC100506725",-10.1984259223733,1.41756450636667e-10,8.53904951988156e-10,"-"
"380","DOK7",10.1952651046972,1.43163563896866e-10,8.60111622043542e-10,"+"
"381","SIK3",-10.1924481123512,1.46286812516263e-10,8.76569010432098e-10,"-"
"382","IRX3",-10.1913833381136,1.47819813183637e-10,8.83436213346189e-10,"-"
"383","ATP6AP1L",10.2238044658835,1.49731668661404e-10,8.92525847399439e-10,"+"
"384","MIR6735",10.1639046700277,1.52804621990518e-10,9.08471229177999e-10,"+"
"385","TMEM132D-AS1",-10.1588248897654,1.54345703609119e-10,9.12878863574141e-10,"-"
"386","FTSJ1",-10.1588248897654,1.54345703609119e-10,9.12878863574141e-10,"-"
"387","TMEM200B",-14.3991604073079,1.61185238401583e-10,9.50867956772131e-10,"-"
"388","DMWD",-13.6838754368108,1.62541151947867e-10,9.56395489425208e-10,"-"
"389","WISP2",-10.175446193413,1.75554170399243e-10,1.03030892293437e-09,"-"
"390","SYNC",-13.4748356314826,1.79491221505852e-10,1.05071399666118e-09,"-"
"391","LOC100505622",-10.067077124422,1.86529551101279e-10,1.08912267305427e-09,"-"
"392","SQOR",11.3781697148754,1.90304042958431e-10,1.10832686243392e-09,"+"
"393","LINC01222",-13.4236855651029,1.94377942920712e-10,1.11779557604027e-09,"-"
"394","RAB11FIP4",10.0334323325851,1.94342348471225e-10,1.11779557604027e-09,"+"
"395","NOL4",10.0334323325851,1.94342348471225e-10,1.11779557604027e-09,"+"
"396","EPB41L1",10.0334323325851,1.94342348471225e-10,1.11779557604027e-09,"+"
"397","LINC01734",10.0334323325851,1.94342348471225e-10,1.11779557604027e-09,"+"
"398","KLHDC7A",10.0266530882248,1.97172168578857e-10,1.13101522830535e-09,"+"
"399","ZNF804A",9.97850644532017,2.19524989066891e-10,1.25607907278123e-09,"+"
"400","MIR3943",9.9962648959808,2.29341762680903e-10,1.30719096450203e-09,"+"
"401","PDIA4",9.99343973104483,2.29602968359753e-10,1.30719096450203e-09,"+"
"402","TSPAN14",-13.247648618676,2.37431793438803e-10,1.34839996124574e-09,"-"
"403","HOMER1",-9.93131800163138,2.45872093456106e-10,1.39286845995109e-09,"-"
"404","MIR548AI",-9.94053640601106,2.55698921797378e-10,1.44495207540449e-09,"-"
"405","PIK3R5",-12.5028343966985,2.69909552151279e-10,1.52149014212684e-09,"-"
"406","LINC00565",-12.0198850690619,2.79727144990373e-10,1.56908371501971e-09,"-"
"407","LOC284933",-9.86402410937763,2.79187146079962e-10,1.56908371501971e-09,"-"
"408","FGGY",-9.84789003840862,3.22472518578037e-10,1.80442343116093e-09,"-"
"409","SPIRE2",14.6279632543433,3.23916023130342e-10,1.80806914622633e-09,"+"
"410","LOC100506675",11.6808610937152,3.35481568214892e-10,1.8680595615478e-09,"+"
"411","KLRC1",12.9050935446941,3.68485915701488e-10,2.04684512298418e-09,"+"
"412","CREBBP",12.7022801494406,3.77518351950417e-10,2.09192814927865e-09,"+"
"413","PAPOLG",-12.3737947791496,3.81069548147798e-10,2.10140526188749e-09,"-"
"414","AXIN1",-12.2850310888321,3.8029950196472e-10,2.10140526188749e-09,"-"
"415","EPB41L5",-12.3480123868393,4.12839993189303e-10,2.27111736012332e-09,"-"
"416","ASAP1-IT2",-13.2829013179844,4.58315311819149e-10,2.51522561750749e-09,"-"
"417","TRABD2A",-13.111852859266,4.72499115509822e-10,2.58684767556097e-09,"-"
"418","LRRC37B",13.6724599865459,5.133605777971e-10,2.80383301222675e-09,"+"
"419","SLC38A10",12.4123266781086,5.33095992883938e-10,2.89775750417626e-09,"+"
"420","TTR",12.2010602865118,5.32725315494298e-10,2.89775750417626e-09,"+"
"421","EEF1A1",-13.2295917122335,5.42682743548148e-10,2.94286152855207e-09,"-"
"422","ATP9A",13.4697121295384,5.99284919052147e-10,3.24210300994325e-09,"+"
"423","UBALD2",13.3837540189498,6.51689017839833e-10,3.51727193316392e-09,"+"
"424","GRB7",-12.2886436147882,6.98188258835499e-10,3.75934857292793e-09,"-"
"425","LOC102724265",-12.8070671858516,8.02853535832791e-10,4.31274028777944e-09,"-"
"426","HKDC1",-13.2383321593731,8.19257849690637e-10,4.39052974376461e-09,"-"
"427","RCVRN",12.473234301916,8.36142939408998e-10,4.47052536456848e-09,"+"
"428","DLEU2",-12.9324637253278,8.67895870461732e-10,4.62945390715919e-09,"-"
"429","KPNA2",-13.1841112138981,8.73144539281445e-10,4.64659436638587e-09,"-"
"430","MIR4761",-13.3209865831618,9.51080764577193e-10,5.04957531518542e-09,"-"
"431","NR5A2",-13.1654139222087,9.56512140815803e-10,5.06662927490134e-09,"-"
"432","LOC101928847",-12.1248477051981,1.09013936154129e-09,5.76108370925638e-09,"-"
"433","WFS1",11.6728265343946,1.13719392962558e-09,5.99587469130529e-09,"+"
"434","MIR6516",-12.6275615228907,1.22907032563407e-09,6.46536302631934e-09,"-"
"435","KIR3DX1",-12.9245880882213,1.35151782405436e-09,7.09313837314048e-09,"-"
"436","CASC11",-11.8607866738625,1.38377515479454e-09,7.24577678531180e-09,"-"
"437","NDUFA12",-12.8169802468434,1.40104877229243e-09,7.31943786531722e-09,"-"
"438","FBXW11",-12.1215189289206,1.50769724905678e-09,7.8586137433713e-09,"-"
"439","CHST2",11.9822406151729,1.55930585244114e-09,8.10910082260393e-09,"+"
"440","KATNB1",-12.844272417854,1.76681502938114e-09,9.16736070926621e-09,"-"
"441","HELZ",-11.9537366848869,1.95698264260772e-09,1.01310461974454e-08,"-"
"442","CRTC1",-12.1168018596724,1.99284771194574e-09,1.02933740415659e-08,"-"
"443","FGD3",-12.1771676672145,2.08033073057645e-09,1.07209820720227e-08,"-"
"444","MIR4296",11.3902559021014,2.15645094941298e-09,1.10882376520492e-08,"+"
"445","CNBP",-12.3174942664626,2.23139257700543e-09,1.14477960748391e-08,"-"
"446","CHMP6",-12.1420215969615,2.30720056028104e-09,1.18101768590171e-08,"-"
"447","CHD5",-11.4370689707309,2.32558817562969e-09,1.18776684674778e-08,"-"
"448","SH2D1A",12.0450789650183,2.3992552796537e-09,1.2226562061271e-08,"+"
"449","GRIK3",11.4476114193633,2.40904622099917e-09,1.22491147495347e-08,"+"
"450","RXFP2",11.3902557600393,2.47316394002238e-09,1.24916665377679e-08,"+"
"451","LOC102723692",-12.3421187010982,2.46542006169813e-09,1.24916665377679e-08,"-"
"452","TCF25",-12.5687781867898,2.46868933917857e-09,1.24916665377679e-08,"-"
"453","CRAMP1",-12.4722538414928,2.54593093736956e-09,1.28308175055512e-08,"-"
"454","SYNE2",-12.2668548051648,2.6300981185453e-09,1.32258017723324e-08,"-"
"455","CTSW",-12.0667282762,2.72729004011822e-09,1.36844025529448e-08,"-"
"456","RND3",11.571304175867,2.79172278554306e-09,1.39749577251e-08,"+"
"457","PSD2",-11.1482720495865,2.7974400702456e-09,1.39749577251e-08,"-"
"458","LRRFIP1",12.4534841238878,2.82956780868702e-09,1.40815329879156e-08,"+"
"459","PRR5L",12.0891586068185,2.83110978600668e-09,1.40815329879156e-08,"+"
"460","ASCL2",-12.5689660452027,2.91139368960699e-09,1.44493734638538e-08,"-"
"461","NCS1",12.8429332913195,3.04592401396702e-09,1.50842614401013e-08,"+"
"462","SLC25A42",11.6812372928544,3.10803778983345e-09,1.53585503770341e-08,"+"
"463","MIR21",12.4057620065574,3.16328752272279e-09,1.55978086703588e-08,"+"
"464","ELK3",-12.4933628825066,3.23673439025129e-09,1.59255702865166e-08,"-"
"465","TPD52",-12.0670826688958,3.44503119921258e-09,1.69139918877469e-08,"-"
"466","SP4",-12.2129309534096,3.46943089628953e-09,1.69716426198698e-08,"-"
"467","SKAP1",12.2381109096545,3.47907522825189e-09,1.69716426198698e-08,"+"
"468","SSC5D",-11.9837890064762,3.47696343476343e-09,1.69716426198698e-08,"-"
"469","EGR3",-12.7414333526346,3.52996050765332e-09,1.71831553069777e-08,"-"
"470","OGT",-11.9541285251211,3.54019125321021e-09,1.71962907044232e-08,"-"
"471","KCNJ1",12.6784472659362,3.55212204715235e-09,1.72176106871525e-08,"+"
"472","ADCY7",-11.6064159994533,3.83910106662619e-09,1.8569211303194e-08,"-"
"473","ZG16B",12.794942852087,3.87573367417452e-09,1.87067652814808e-08,"+"
"474","C1orf159",12.19363631791,3.90546927489731e-09,1.88105197354231e-08,"+"
"475","NCEH1",12.9186974726779,3.93020034903991e-09,1.88897839933855e-08,"+"
"476","GNAZ",11.853105064196,3.95370122020233e-09,1.89628148859704e-08,"+"
"477","TFDP2",-12.0735049828914,4.09619784904266e-09,1.96050727240344e-08,"-"
"478","SASH3",-12.1590718402808,4.2000146873404e-09,2.00599027849333e-08,"-"
"479","CCND1",-11.8656736666432,4.49584219344148e-09,2.14279910806407e-08,"-"
"480","WBP4",-11.6947927385335,4.67719954757066e-09,2.22459303481329e-08,"-"
"481","CLIP4",10.9007439402971,4.72304638335565e-09,2.23739677411889e-08,"+"
"482","RNA28SN5",11.9153883197505,4.72371986476261e-09,2.23739677411889e-08,"+"
"483","INPP5A",-11.9930785621699,4.74816881059313e-09,2.24432078562818e-08,"-"
"484","MIR6088",12.7320620648603,4.91463104454487e-09,2.31820303196197e-08,"+"
"485","LOC105372068",11.3372083434207,4.96519806422363e-09,2.33722622280878e-08,"+"
"486","POU2F2",-11.8132355430184,5.06011052245516e-09,2.37700253554838e-08,"-"
"487","TSPAN3",-11.6276302621605,5.08207193351462e-09,2.38241688382215e-08,"-"
"488","AUTS2",-11.8822622971477,5.20724432133774e-09,2.4360940134455e-08,"-"
"489","LOC101928696",-12.0944391844824,5.25059130857197e-09,2.45134968455415e-08,"-"
"490","FBXO22",-11.9645074719213,5.28597284497106e-09,2.46283183776917e-08,"-"
"491","SSTR1",-11.9825402649899,5.40917210061815e-09,2.5150997771306e-08,"-"
"492","TMEM181",12.0143281988437,5.49250798641334e-09,2.54865766930522e-08,"+"
"493","RBM39",-12.2734245353979,5.65009426027104e-09,2.61646352864072e-08,"-"
"494","ZNF600",-12.6435153723518,5.93634786211539e-09,2.74345792898976e-08,"-"
"495","KIF13B",-11.8844774023848,6.06981274487289e-09,2.79947121142319e-08,"-"
"496","FAM99A",11.8308226333943,6.5381872558848e-09,3.0094115937873e-08,"+"
"497","LINC01364",-11.7541918766417,6.66745959117558e-09,3.06273848021204e-08,"-"
"498","EIF2AK3",-12.3220140201965,6.77960906469072e-09,3.10800150495761e-08,"-"
"499","CLDN14",11.2609275678904,6.92785847177087e-09,3.16959937696451e-08,"+"
"500","ZNF414",-11.16357127457,7.18489519664664e-09,3.28062314678886e-08,"-"
"501","SMOC2",-11.1953563385623,7.28358472699357e-09,3.31305628530699e-08,"-"
"502","DNAJB6",-11.3006696340496,7.2849507456159e-09,3.31305628530699e-08,"-"
"503","LINC00636",-12.0495120626245,7.37740545272071e-09,3.3484327333124e-08,"-"
"504","LINC01537",11.8230494089059,7.49476042645718e-09,3.39494802650828e-08,"+"
"505","ILKAP",-12.9776809470959,7.75451685501247e-09,3.49872766403033e-08,"-"
"506","PPM1L",-11.7581455767432,7.75125117455638e-09,3.49872766403033e-08,"-"
"507","RORA",-11.1238625081715,8.10396739304772e-09,3.64918295036054e-08,"-"
"508","HSPG2",11.1207530586954,8.39308862110367e-09,3.77193333109836e-08,"+"
"509","LINC01356",12.2735548354712,8.49916875726489e-09,3.81210260762981e-08,"+"
"510","INE2",-12.2985667884091,8.60542006920459e-09,3.85219098392041e-08,"-"
"511","SGSM1",-10.7850630183275,8.79827739965208e-09,3.93081551925748e-08,"-"
"512","PCGEM1",10.7590550633256,8.84272461117493e-09,3.9429570873657e-08,"+"
"513","SYNE1-AS1",-11.4410561329266,8.89123868542848e-09,3.95686119275502e-08,"-"
"514","CYB561",-11.6995627697804,9.03689961146949e-09,4.01386027489978e-08,"-"
"515","LINC00951",-11.4338685219709,9.29931472313701e-09,4.12239524522754e-08,"-"
"516","LINC01654",-10.864016185993,9.35424630985415e-09,4.13871014058082e-08,"-"
"517","PGPEP1L",11.989025710267,9.61524093921778e-09,4.24595649211493e-08,"+"
"518","CYBC1",-11.4845591982192,9.68016977660064e-09,4.26637598455198e-08,"-"
"519","SMURF2",11.1537915697204,9.85599075054146e-09,4.33549650934223e-08,"+"
"520","BICD2",11.5408573344249,1.01984044591015e-08,4.47749180387092e-08,"+"
"521","PTGER2",-11.7706751356639,1.03984706367009e-08,4.55656592391326e-08,"-"
"522","NSG1",11.1869575620833,1.06847493231836e-08,4.67304266376017e-08,"+"
"523","GALK1",12.2567909178565,1.09099049540163e-08,4.76239254493675e-08,"+"
"524","ZNF618",-12.0343985462371,1.09388117166322e-08,4.76589831089148e-08,"-"
"525","DLGAP3",11.4523153120539,1.09612004821067e-08,4.76655632393328e-08,"+"
"526","CRACR2A",-11.618953145943,1.10511335374424e-08,4.79652811140323e-08,"-"
"527","LINC01963",-11.425435079164,1.11774843781822e-08,4.84216258736055e-08,"-"
"528","MIR6787",-12.2324913673667,1.12575665985042e-08,4.86761828492142e-08,"-"
"529","KEAP1",-12.135484512486,1.12817044348562e-08,4.86883387991996e-08,"-"
"530","ADGRG5",-11.1524720034302,1.15490808227889e-08,4.97482104121267e-08,"-"
"531","MIR95",11.5870911845448,1.15772895520828e-08,4.97758042324011e-08,"+"
"532","CRBN",-11.1045047929004,1.19081387228705e-08,5.11020313990851e-08,"-"
"533","CD38",-11.4421902949163,1.20408141418489e-08,5.14778627075673e-08,"-"
"534","AIRN",11.5617082740084,1.20372904487296e-08,5.14778627075673e-08,"+"
"535","JCAD",11.4031362757187,1.2155890992891e-08,5.18727086668602e-08,"+"
"536","KCNH2",-11.7074154737699,1.24959527047498e-08,5.32243657181787e-08,"-"
"537","WARS",11.7170859832336,1.26917677333508e-08,5.39577387993293e-08,"+"
"538","MICB",-12.2979995867109,1.27431562056684e-08,5.40755123002619e-08,"-"
"539","BAZ1A",-11.8433011309932,1.28593529197234e-08,5.44673519772329e-08,"-"
"540","GALNT2",-11.4812093718624,1.32221074078649e-08,5.59001318743622e-08,"-"
"541","BAIAP2L2",-10.5923077573572,1.32568353595857e-08,5.59433551311167e-08,"-"
"542","MIR3922",-11.2448645495724,1.35073645479694e-08,5.68954119243802e-08,"-"
"543","PLEKHG3",-11.9297628396195,1.36225262157242e-08,5.72748201666635e-08,"-"
"544","MIR4266",-11.1953685252548,1.37739614130768e-08,5.78050623273057e-08,"-"
"545","C1orf105",-11.8471320118377,1.42674294163997e-08,5.97661309314506e-08,"-"
"546","OR4E2",11.6431681744754,1.45035012517952e-08,6.064376072866e-08,"+"
"547","NNMT",-11.8244717518986,1.49801081835589e-08,6.2522096861179e-08,"-"
"548","GAD1",11.4513048404412,1.54380262565219e-08,6.43157188752544e-08,"+"
"549","BFSP1",-12.3357319896442,1.58292542607453e-08,6.58254781006949e-08,"-"
"550","LMBR1",-11.8568213498128,1.58746488940672e-08,6.58942244093736e-08,"-"
"551","BDH1",11.7460118034658,1.59251771850959e-08,6.59839918576661e-08,"+"
"552","CRIM1",-11.8050516469309,1.60293606549708e-08,6.60663144351656e-08,"-"
"553","SYNGR3",11.6585553648777,1.60318607959184e-08,6.60663144351656e-08,"+"
"554","CISD3",-11.195370624053,1.60228823995821e-08,6.60663144351656e-08,"-"
"555","SOWAHD",-12.3054159143273,1.61967064815681e-08,6.66253709863423e-08,"-"
"556","TLX3",-11.0659050681443,1.63189307846645e-08,6.70074082399082e-08,"-"
"557","GPX3",-11.4111590318004,1.74002221833198e-08,7.13190435269644e-08,"-"
"558","SHANK1",11.9237842074385,1.74809593507024e-08,7.15215594940029e-08,"+"
"559","HLA-F",-11.3401965608263,1.80503862879777e-08,7.36386271512904e-08,"-"
"560","SRRM3",11.6800768689796,1.80629133616832e-08,7.36386271512904e-08,"+"
"561","UBE2R2",-11.2056763295796,1.83997292326708e-08,7.48780424923126e-08,"-"
"562","LOC100129917",-11.3367361640571,1.9386429600134e-08,7.87530583222525e-08,"-"
"563","DEGS2",11.01103283777,1.94919684252902e-08,7.90411437210259e-08,"+"
"564","NAPA-AS1",-11.3483225153734,1.97688630962149e-08,8.00218341288272e-08,"-"
"565","TCF20",-10.8475290193738,1.98360806789231e-08,8.01518091858079e-08,"-"
"566","TSPAN17",11.8457801633844,2.0024396154364e-08,8.07697816615069e-08,"+"
"567","MIR7855",12.1053732256428,2.01675185069266e-08,8.12036062633394e-08,"+"
"568","DUSP6",12.1430452254915,2.04909955666101e-08,8.23608149270615e-08,"+"
"569","AZIN2",-12.4088661291807,2.07276708525558e-08,8.3165681118427e-08,"-"
"570","MED27",11.9073026298412,2.11499473856469e-08,8.47111050551435e-08,"+"
"571","MIR548XHG",-10.8520403801108,2.1249051749407e-08,8.49589932467535e-08,"-"
"572","MRGPRG-AS1",11.334702285067,2.13773675362392e-08,8.53226050441154e-08,"+"
"573","CLBA1",-11.1157697574133,2.17094586644812e-08,8.64968483961789e-08,"-"
"574","CACNB4",11.2200248098887,2.37989105798373e-08,9.46566426023842e-08,"+"
"575","GNA11",11.5516646404088,2.40427342271188e-08,9.54601082443692e-08,"+"
"576","CLLU1OS",11.4513223039177,2.42182082892492e-08,9.59898776464513e-08,"+"
"577","CSF3R",-11.0575372032959,2.46026709345002e-08,9.73447101273205e-08,"-"
"578","PARN",-11.6453106824384,2.47935250738327e-08,9.79301345044292e-08,"-"
"579","RAI1",11.2171957274257,2.50231887343891e-08,9.86665628335238e-08,"+"
"580","TTBK1",11.0317464827039,2.55711821665456e-08,1.00653463596937e-07,"+"
"581","SNRK",-11.0306133258931,2.56359239616184e-08,1.00734620317341e-07,"-"
"582","MIR4312",-11.2592148713043,2.61973900771439e-08,1.02763988910858e-07,"-"
"583","TFEB",-11.7586155438483,2.62725620558124e-08,1.02882091206552e-07,"-"
"584","DLG5",-11.9097613283837,2.7288477451647e-08,1.06677387024161e-07,"-"
"585","MIR3621",-11.2059424580034,2.75349417070264e-08,1.07456875072036e-07,"-"
"586","IRF4",11.6715256807033,2.81321286868283e-08,1.09600084969333e-07,"+"
"587","PLCH2",11.1649546596738,2.83766049824521e-08,1.103642064309e-07,"+"
"588","PTCD2",-11.2874085690403,2.89416190362175e-08,1.12370265747763e-07,"-"
"589","MFAP2",10.9631310716691,2.94595965195812e-08,1.13993659074922e-07,"+"
"590","UPK3A",-11.3751640520867,2.94552350263216e-08,1.13993659074922e-07,"-"
"591","CDH2",10.8294367839391,2.97824791788761e-08,1.14853716157727e-07,"+"
"592","MIR5583-1",11.0660122866903,2.97426081045815e-08,1.14853716157727e-07,"+"
"593","ZBED4",12.5615525496796,3.11493288720741e-08,1.19922289738525e-07,"+"
"594","MIR4637",11.5898175458452,3.12249350036071e-08,1.20010987564369e-07,"+"
"595","PTPN18",10.9614121006386,3.13518475959489e-08,1.20296248842944e-07,"+"
"596","CMTR1",-11.4122379389508,3.1557971382861e-08,1.2088397427361e-07,"-"
"597","SATB2-AS1",-11.1053315632528,3.19171422335872e-08,1.22055001204823e-07,"-"
"598","EGR1",-11.4865921668484,3.2051852191252e-08,1.22365181526134e-07,"-"
"599","TRARG1",-11.3859556679479,3.27648294580075e-08,1.24878306598716e-07,"-"
"600","C9orf139",10.9069084121083,3.29372834643824e-08,1.25117833858877e-07,"+"
"601","AP2A2",-11.2968322733596,3.29239812491792e-08,1.25117833858877e-07,"-"
"602","SUSD2",10.901320480727,3.29938513056181e-08,1.25124522476289e-07,"+"
"603","FSCB",10.9026737573331,3.35612976320561e-08,1.27065410437784e-07,"+"
"604","MBNL1-AS1",-11.3123278653809,3.43562509572542e-08,1.29859802873198e-07,"-"
"605","SEMA4C",-10.87735781402,3.47203322755033e-08,1.30802835948802e-07,"-"
"606","B4GALNT4",-12.0287845691801,3.46944797994764e-08,1.30802835948802e-07,"-"
"607","GTPBP1",-11.5975023302345,3.58370760953824e-08,1.34787553090211e-07,"-"
"608","LINC01644",-11.0575827464302,3.60150148055885e-08,1.35234011186116e-07,"-"
"609","POU3F4",-11.0576844479439,3.62710069577682e-08,1.3597160736385e-07,"-"
"610","YKT6",10.8535115832421,3.64632239212413e-08,1.36022124529728e-07,"+"
"611","KLC2",-11.0409184275191,3.64258051716725e-08,1.36022124529728e-07,"-"
"612","NCAM1-AS1",-11.0409184275191,3.64258051716725e-08,1.36022124529728e-07,"-"
"613","TATDN1",-10.8768018343947,3.6672485380008e-08,1.36579582581661e-07,"-"
"614","MYO16-AS1",-11.1490632479597,3.70442279520332e-08,1.37739368753244e-07,"-"
"615","NRARP",10.8440429031711,3.71694756007114e-08,1.37980346010446e-07,"+"
"616","RASGEF1A",11.3463546885573,3.74778276903197e-08,1.38899156845779e-07,"+"
"617","SLC25A26",10.9115296466461,3.76179880380323e-08,1.39192652659364e-07,"+"
"618","RTL5",10.7902124618061,3.81703308784565e-08,1.41007872808279e-07,"+"
"619","FAM110C",11.4853903366166,3.84039053650387e-08,1.4164151631685e-07,"+"
"620","HTR1B",11.1044321206563,3.84659396042255e-08,1.4164151631685e-07,"+"
"621","TNNC1",-10.921488656744,3.93157526902418e-08,1.44537622209053e-07,"-"
"622","SYCE1L",10.8804026518819,3.97580664211313e-08,1.45928722892995e-07,"+"
"623","ZMYM1",11.8891557101459,4.00949660501126e-08,1.46929064995838e-07,"+"
"624","CDH18",10.7992624354391,4.04969808872223e-08,1.47927371784846e-07,"+"
"625","SCAF11",-11.0703624993271,4.04642335524925e-08,1.47927371784846e-07,"-"
"626","CTNND2",-11.4111484685823,4.08613439429602e-08,1.49019885338304e-07,"-"
"627","RPS15",-11.010632936175,4.1117503485157e-08,1.49714928957916e-07,"-"
"628","ASB1",-11.5985717144921,4.14972502092635e-08,1.50857041763931e-07,"-"
"629","CACNA2D2",-10.9059349478434,4.18861441721294e-08,1.52028723600908e-07,"-"
"630","NIPBL",-10.7920302807811,4.21568900882429e-08,1.5270123392589e-07,"-"
"631","SYNE1",10.4970256220549,4.22052030693108e-08,1.5270123392589e-07,"+"
"632","LINC02139",-10.9905423783182,4.29628276131885e-08,1.55196416836882e-07,"-"
"633","MIR4803",-11.1982686408353,4.33008169508867e-08,1.55961887784665e-07,"-"
"634","PTPRT",10.7779178172537,4.3311360865299e-08,1.55961887784665e-07,"+"
"635","RBFOX3",10.4943416108793,4.33953024108379e-08,1.56018071502272e-07,"+"
"636","CACNA1G-AS1",10.7652261103417,4.42963876681906e-08,1.59007316110816e-07,"+"
"637","LNPEP",-11.0658907793095,4.59731085704602e-08,1.64508788191788e-07,"-"
"638","LOXL4",-11.0658907793095,4.59731085704602e-08,1.64508788191788e-07,"-"
"639","PHLPP1",-11.422087918314,4.62941049650074e-08,1.65398187222397e-07,"-"
"640","CLK1",-11.2507054827094,4.64090235155239e-08,1.65506112554155e-07,"-"
"641","WDR37",-11.3529858220632,4.64693027364052e-08,1.65506112554155e-07,"-"
"642","TGFBRAP1",-11.35771930761,4.67760712422083e-08,1.66186208897026e-07,"-"
"643","NABP1",-11.2591836031944,4.68058398251369e-08,1.66186208897026e-07,"-"
"644","CUX1",-11.1581348778439,4.753233402785e-08,1.67463454607379e-07,"-"
"645","PTCH1",10.4968862852083,4.73699570889698e-08,1.67463454607379e-07,"+"
"646","LOC102031319",-10.8747994215052,4.74470781068418e-08,1.67463454607379e-07,"-"
"647","TPTE2P6",-10.737846753676,4.74875223030777e-08,1.67463454607379e-07,"-"
"648","COMMD4",-11.1571154323233,4.74692063001629e-08,1.67463454607379e-07,"-"
"649","GSTM2",-10.869779802988,4.81617307995813e-08,1.69419462889745e-07,"-"
"650","MSANTD1",10.9614332082395,4.84021530096273e-08,1.70003254339968e-07,"+"
"651","NOL11",-11.1535459617423,4.8517071647578e-08,1.70145122229525e-07,"-"
"652","BRD1",-11.2232551895626,4.86953276009412e-08,1.70508332688572e-07,"-"
"653","YY1",11.2172698540757,4.94677160757172e-08,1.72947619909437e-07,"+"
"654","SS18",-11.2592239432223,5.04336446254413e-08,1.76055062201655e-07,"-"
"655","DPP10-AS1",-10.6878325781619,5.16031510207322e-08,1.7986258592417e-07,"-"
"656","CTBP1-DT",-11.0306334434298,5.20945630788303e-08,1.81298609007576e-07,"-"
"657","TSPAN5",10.9333758609029,5.23175192341452e-08,1.81797407019107e-07,"+"
"658","PLEKHG6",-10.6849717241314,5.25310300998769e-08,1.82261917504588e-07,"-"
"659","MYO15A",-10.869563513588,5.2811565610347e-08,1.82957214398213e-07,"-"
"660","ATXN7L3B",-11.2197850682918,5.37696957090237e-08,1.85994265611668e-07,"-"
"661","SMIM2-AS1",-10.8766538587256,5.43306067445126e-08,1.87650189406539e-07,"-"
"662","GPBP1",-11.0153399469103,5.44191646635643e-08,1.87672134330691e-07,"-"
"663","GPR26",-10.8509269080076,5.48268014879779e-08,1.88792741775345e-07,"-"
"664","MYL3",-10.7375997472347,5.53848059433188e-08,1.90140619501649e-07,"-"
"665","CCSER2",-10.8519578895705,5.53195129523372e-08,1.90140619501649e-07,"-"
"666","LUZP6",11.0746544301456,5.63685055055873e-08,1.93227174278162e-07,"+"
"667","SH3BP1",-10.8524518727272,5.66510980192995e-08,1.93904732800691e-07,"-"
"668","RPL26L1",-10.7313293423723,5.71269209076211e-08,1.94948819778922e-07,"-"
"669","NCCRP1",10.7992709795813,5.7117901399505e-08,1.94948819778922e-07,"+"
"670","CNTN4-AS1",-10.6879300498393,5.80181235167117e-08,1.9769459102784e-07,"-"
"671","ZNF771",-11.3365527678756,5.84398553103502e-08,1.98834857933725e-07,"-"
"672","MMAB",-10.6834516792593,5.85568954237465e-08,1.9893659561371e-07,"-"
"673","TIGD5",10.6822500584221,5.87707588474796e-08,1.99366482093308e-07,"+"
"674","DNAJC3",-11.2289365615476,6.09814110016241e-08,2.0655869631559e-07,"-"
"675","IKZF2",-10.3617364697659,6.14105888185978e-08,2.07397003362217e-07,"-"
"676","AKAP5",10.9041401681083,6.139964890846e-08,2.07397003362217e-07,"+"
"677","TMEM182",-10.9706665465503,6.3404537974342e-08,2.13814712253209e-07,"-"
"678","NDUFB7",10.9517091169346,6.37711175799244e-08,2.1473371893063e-07,"+"
"679","UGP2",-10.4283378658932,6.48017352995944e-08,2.17882712354895e-07,"-"
"680","LOC403312",-10.9059260171523,6.52534782237141e-08,2.19078957036381e-07,"-"
"681","DCK",10.9114260060851,6.56810681930009e-08,2.20190717598563e-07,"+"
"682","MIR1247",10.7992626630356,6.5853876449432e-08,2.20446334214154e-07,"+"
"683","LOC730338",10.5578104669665,6.69236878322036e-08,2.23372484387311e-07,"+"
"684","LOC101928782",10.5578104669665,6.69236878322036e-08,2.23372484387311e-07,"+"
"685","PIP5K1C",10.9875974981757,6.78570678379117e-08,2.26157205655405e-07,"+"
"686","IP6K2",-10.6597993625734,6.82418326817167e-08,2.27108023341631e-07,"-"
"687","LINC00290",10.9943675408291,6.90034078884307e-08,2.29308268135789e-07,"+"
"688","MIR4656",-10.8519208424909,7.37688464299117e-08,2.44788192441117e-07,"-"
"689","TMEFF2",-10.9706052431181,7.49037090352293e-08,2.48193276817748e-07,"-"
"690","NPR3",-10.9588778848286,7.5201911998734e-08,2.48820239265377e-07,"-"
"691","GOLGA8M",11.4077549304582,7.54827991346734e-08,2.49388177169985e-07,"+"
"692","C6orf118",10.4940909577565,7.56286888402057e-08,2.49509099165014e-07,"+"
"693","EPB41L4A",10.9079463728608,7.69554946728291e-08,2.53154746884825e-07,"+"
"694","MIR646HG",11.1401987512196,7.69017239206944e-08,2.53154746884825e-07,"+"
"695","SCN3B",10.6765559395545,7.8695735875821e-08,2.58507000006474e-07,"+"
"696","SPIN1",-11.072502418885,7.90815800002025e-08,2.59401217155837e-07,"-"
"697","PRKD2",-11.0700316057239,8.00713015058581e-08,2.6227084840441e-07,"-"
"698","PLXDC1",-11.6682079155015,8.1631938916511e-08,2.66617620238047e-07,"-"
"699","XPNPEP2",-11.0382926355954,8.15286844130032e-08,2.66617620238047e-07,"-"
"700","GABRA4",-10.8509330367523,8.19151014403915e-08,2.67160252269163e-07,"-"
"701","MIR3689C",10.4509559368773,8.25775023977524e-08,2.68553330447391e-07,"+"
"702","MIR378C",-10.6578468780527,8.25699575408074e-08,2.68553330447391e-07,"-"
"703","ESM1",11.0821092043469,8.27447211066159e-08,2.6871436456103e-07,"+"
"704","RGMB",-10.4346874958698,8.56949343007191e-08,2.77899907682588e-07,"-"
"705","SMYD3",10.7825257790194,8.69758548785071e-08,2.81254782843671e-07,"+"
"706","RHOT1",-11.2036228336033,8.68913547761546e-08,2.81254782843671e-07,"-"
"707","PSTPIP1",-11.2057778812821,8.7649241289204e-08,2.83031425549155e-07,"-"
"708","GGPS1",11.0627850540216,8.78375220130591e-08,2.83238789203127e-07,"+"
"709","FAM183A",10.6590615383467,8.87387089601472e-08,2.85741146059261e-07,"+"
"710","CD180",-10.8989314196377,8.88879431903202e-08,2.85818555357044e-07,"-"
"711","TRIO",-10.8697522298164,8.91553667018266e-08,2.85873177219481e-07,"-"
"712","LINC00494",-10.4283378921697,8.9107152125847e-08,2.85873177219481e-07,"-"
"713","LINC00861",-10.905915558901,8.9652093859972e-08,2.87062735318816e-07,"-"
"714","NPAT",-11.1518973448123,9.02039318453242e-08,2.88425177034839e-07,"-"
"715","HIPK1-AS1",11.1394689541485,9.04899837149075e-08,2.88935150798789e-07,"+"
"716","APH1B",-11.0758304751764,9.09416346141248e-08,2.89755898725343e-07,"-"
"717","LINC00910",-11.1524528607163,9.10008670109817e-08,2.89755898725343e-07,"-"
"718","TRABD",11.0068984784217,9.14622997375954e-08,2.90819540809095e-07,"+"
"719","IRX2",10.5935168365119,9.23896149222361e-08,2.92964676340857e-07,"+"
"720","NACC2",11.5898125753872,9.23935904360127e-08,2.92964676340857e-07,"+"
"721","SLC22A7",10.6003979456041,9.36516458288788e-08,2.965418965705e-07,"+"
"722","BLVRA",11.0094288020969,9.39316373165417e-08,2.97016520766849e-07,"+"
"723","GREM2",-10.3872749943833,9.47013472544695e-08,2.99036204401043e-07,"-"
"724","ABCA4",-11.2348735899557,9.76912607349697e-08,3.0805130974853e-07,"-"
"725","KCNH1",-10.3617497994534,9.88355837220117e-08,3.10878800629627e-07,"-"
"726","SNORA37",10.5627238734458,9.88602756272928e-08,3.10878800629627e-07,"+"
"727","MIR6090",-11.2163870692698,9.98583694926483e-08,3.13585498695621e-07,"-"
"728","LOC101929172",10.5578234117291,1.00526816524737e-07,3.14818548869649e-07,"+"
"729","MTUS2-AS1",10.5578234117291,1.00526816524737e-07,3.14818548869649e-07,"+"
"730","HDGFL1",10.555336371607,1.01428510622476e-07,3.16773310193042e-07,"+"
"731","MIR1273C",10.555336371607,1.01428510622476e-07,3.16773310193042e-07,"+"
"732","ARHGAP18",-10.6598022403341,1.01813529900614e-07,3.1754137809167e-07,"-"
"733","SART1",10.9636848637582,1.03852675171849e-07,3.23018606835601e-07,"+"
"734","SLC16A8",10.8804558941294,1.03743648546199e-07,3.23018606835601e-07,"+"
"735","ICAM2",11.1703535542179,1.0407232506325e-07,3.23261385196464e-07,"+"
"736","LINC00692",10.4968760694092,1.0452854762065e-07,3.24237329100468e-07,"+"
"737","KLF12",11.1037656722278,1.05090939296504e-07,3.25539503953757e-07,"+"
"738","MIR3914-1",10.3112414553789,1.08794472032678e-07,3.36099837145606e-07,"+"
"739","TMTC2",10.3112414553789,1.08794472032678e-07,3.36099837145606e-07,"+"
"740","IFITM3",10.5112970158544,1.11665597968335e-07,3.44503459677985e-07,"+"
"741","TNFSF4",-10.6889163661895,1.15555933601414e-07,3.55544739099769e-07,"-"
"742","HMX1",-10.1983708896338,1.15507545737012e-07,3.55544739099769e-07,"-"
"743","MIR1286",11.4514234677208,1.16734057070688e-07,3.58686207661348e-07,"+"
"744","KCCAT198",-10.6218987066212,1.18604130989321e-07,3.63942514850296e-07,"-"
"745","AMOT",10.557799865089,1.20084423237423e-07,3.67990252685955e-07,"+"
"746","GK5",-11.3264903066018,1.20467092917802e-07,3.68668060497778e-07,"-"
"747","LINC00564",10.3112512740242,1.20925643706345e-07,3.69575963295294e-07,"+"
"748","KIF19",10.593450657363,1.24531945989168e-07,3.80088813761056e-07,"+"
"749","SPP2",-11.0797494271988,1.25626709460242e-07,3.82918261278681e-07,"-"
"750","BORCS6",-11.1498740715804,1.26397127246776e-07,3.84752855339187e-07,"-"
"751","MIR3681",-10.5862887141609,1.28048817433807e-07,3.8892054831634e-07,"-"
"752","HNRNPAB",-11.0381685305614,1.28106987443665e-07,3.8892054831634e-07,"-"
"753","ZNF423",10.2228052047653,1.29879166789765e-07,3.93777075406418e-07,"+"
"754","FLT1",-11.0659095383999,1.31028508230088e-07,3.96734859800121e-07,"-"
"755","SNORD82",-10.7747637966063,1.31768923095611e-07,3.98448280036133e-07,"-"
"756","DOCK2",10.8397839520884,1.33964833137352e-07,4.04552531815575e-07,"+"
"757","ARID5A",-11.0381818205884,1.34259538939886e-07,4.04906905415798e-07,"-"
"758","LINC01667",-10.1982754425183,1.37169352990053e-07,4.13136718834158e-07,"-"
"759","LRP2",-9.86385020472497,1.37575580435512e-07,4.13814295302073e-07,"-"
"760","POSTN",10.5470312181569,1.38400833414328e-07,4.15748819322252e-07,"+"
"761","CASK",11.0082465835844,1.39257126775546e-07,4.17771380326638e-07,"+"
"762","LOC101927911",10.6666057990236,1.39915476521662e-07,4.19195581232225e-07,"+"
"763","CAPN5",-10.8509251654632,1.45895046869139e-07,4.36537866320111e-07,"-"
"764","MANF",10.3691344363838,1.47451663718076e-07,4.40042023880219e-07,"+"
"765","LOC101928622",10.3691344363838,1.47451663718076e-07,4.40042023880219e-07,"+"
"766","ATP1A1",-10.3617353739228,1.49503410123039e-07,4.45001675763882e-07,"-"
"767","KCNJ11",-10.3617353739228,1.49503410123039e-07,4.45001675763882e-07,"-"
"768","ST6GAL1",-10.4867383572366,1.55692326642678e-07,4.62819767871398e-07,"-"
"769","CMC1",-10.6887701830485,1.59459334885812e-07,4.73401380421728e-07,"-"
"770","ZNF841",10.5457777536501,1.59947057725382e-07,4.74232639983179e-07,"+"
"771","MIR5704",10.3112668274106,1.64963888433281e-07,4.87209000379275e-07,"+"
"772","SLIT2",10.3112668274106,1.64963888433281e-07,4.87209000379275e-07,"+"
"773","GABRP",10.3112668274106,1.64963888433281e-07,4.87209000379275e-07,"+"
"774","L3MBTL4-AS1",11.0644512002096,1.67011478419026e-07,4.92619128204958e-07,"+"
"775","TECRL",10.3024421599304,1.67928465729024e-07,4.94684757754016e-07,"+"
"776","WBP1L",10.7290742255598,1.69276198416917e-07,4.98012320858018e-07,"+"
"777","VWC2L",-10.2925978678336,1.72882257970574e-07,5.07966788863348e-07,"-"
"778","FAM81A",-10.3873006219759,1.75232302312652e-07,5.14209956529287e-07,"-"
"779","SORCS1",10.3112294963711,1.80589242302069e-07,5.29249345539953e-07,"+"
"780","CHCHD3",10.6742860506491,1.81079343317538e-07,5.30005308710178e-07,"+"
"781","LINC01091",-10.703544634857,1.82154651995271e-07,5.32470000646868e-07,"-"
"782","ZBTB7A",-10.7033840858585,1.83354500829088e-07,5.35291976205637e-07,"-"
"783","LOC101928708",10.2524289249237,1.87278694947889e-07,5.46050141208213e-07,"+"
"784","LIMD1-AS1",-10.5612497172106,1.93902058569454e-07,5.64640815961817e-07,"-"
"785","UQCRFS1",10.2143674490655,1.96290134096231e-07,5.70866721199611e-07,"+"
"786","ARPC1A",-10.0165978742107,2.00358316967919e-07,5.81956790887734e-07,"-"
"787","MAB21L4",-10.3616097215422,2.02575365316312e-07,5.8764874080958e-07,"-"
"788","LINC01720",9.99916398712189,2.07893747987441e-07,6.02311455146354e-07,"+"
"789","XIRP2-AS1",10.3112269595361,2.09556005642815e-07,6.06357871840998e-07,"+"
"790","HMGN2P46",-10.6887617450355,2.1232141149001e-07,6.13582003078094e-07,"-"
"791","ANKRD9",-10.3617141796125,2.14982093091374e-07,6.20485611286481e-07,"-"
"792","EVL",-10.8336853491374,2.16362540482936e-07,6.23681414043615e-07,"-"
"793","RCOR2",-10.4369905647326,2.1797980971086e-07,6.2755095279936e-07,"-"
"794","RORA-AS2",10.5469837453031,2.19042618422606e-07,6.29816496043841e-07,"+"
"795","PIK3R2",-11.0381621480445,2.22244150845672e-07,6.38218108654929e-07,"-"
"796","PRCD",-10.6338308448351,2.25388041835307e-07,6.46433290841715e-07,"-"
"797","ATF1",-11.0381675106605,2.34035709496831e-07,6.70393381155916e-07,"-"
"798","LINC02478",-10.4577149095719,2.35447263691923e-07,6.73591607780275e-07,"-"
"799","SCLY",10.9384323509888,2.39206148031417e-07,6.83488906077252e-07,"+"
"800","LOC100128531",-10.8508566303664,2.41232494609709e-07,6.88417231492456e-07,"-"
"801","LUCAT1",10.5457777685068,2.43839828207756e-07,6.94989173281281e-07,"+"
"802","DNAJA1",-10.3617240809102,2.48872789981441e-07,7.08449600408516e-07,"-"
"803","MIR4798",9.96590641467622,2.49566345235867e-07,7.09539185770216e-07,"+"
"804","LINC02554",-10.104547159648,2.53354530170732e-07,7.19413423357936e-07,"-"
"805","SUN2",-10.5613526385901,2.65696681807868e-07,7.53522390766909e-07,"-"
"806","ZNF610",10.4704062614328,2.71370849221478e-07,7.68659613861829e-07,"+"
"807","L3MBTL3",-10.3617563207902,2.75149237365905e-07,7.78396169648525e-07,"-"
"808","PPM1F",10.2148337935209,2.76309837891103e-07,7.80712079090828e-07,"+"
"809","PTH2R",10.0333433250725,2.8912746986387e-07,8.14911128023722e-07,"+"
"810","GUCY1A2",10.0333433250725,2.8912746986387e-07,8.14911128023722e-07,"+"
"811","TBL1X",-10.628960653998,2.91013469442126e-07,8.19215475630546e-07,"-"
"812","LOC105376633",-10.0669849682965,3.06109203452428e-07,8.60649398376717e-07,"-"
"813","TMEM14EP",-10.4370027871966,3.07276628670433e-07,8.61809021197295e-07,"-"
"814","CHSY1",10.1209254684188,3.07225617812225e-07,8.61809021197295e-07,"+"
"815","PLEKHF1",-10.1587588302287,3.08490805283881e-07,8.64152771120367e-07,"-"
"816","ACTN1",10.7136918403928,3.12726499221317e-07,8.74944359953757e-07,"+"
"817","FOXK1",-10.4283372288369,3.18968666925748e-07,8.91316360577091e-07,"-"
"818","ZNF611",-11.0381743409357,3.1949492108298e-07,8.91695482680249e-07,"-"
"819","SAC3D1",10.4709718873409,3.222017506385e-07,8.9815213273223e-07,"+"
"820","FAM189A2",10.22278368783,3.23562196308146e-07,9.00844505087191e-07,"+"
"821","SYNGR1",-10.8161693024712,3.27870461388585e-07,9.11727482765091e-07,"-"
"822","LHFPL3-AS2",-10.6337966776397,3.29383806943675e-07,9.14821449212178e-07,"-"
"823","SPECC1",10.4709816431791,3.44258213639699e-07,9.54971448043054e-07,"+"
"824","MIR4740",-10.10453849333,3.45687821110934e-07,9.57773416985756e-07,"-"
"825","PDZK1",-10.9000509173399,3.52968094409858e-07,9.76758981257824e-07,"-"
"826","IL3",-10.4347232940326,3.54745608054544e-07,9.80489374320247e-07,"-"
"827","TNFRSF1A",-10.5612633109964,3.58515303513895e-07,9.89710323968831e-07,"-"
"828","ALDH1B1",-10.1983548710782,3.60531150950899e-07,9.94073209687079e-07,"-"
"829","MIR3615",10.4709845251769,3.67750683310553e-07,1.01275610373702e-06,"+"
"830","KANSL1-AS1",-10.4179883681332,3.70922398312311e-07,1.02026004258675e-06,"-"
"831","LINC01422",10.5203733008613,3.88198803441016e-07,1.06649562967008e-06,"+"
"832","LOC100288798",-10.4248446782993,3.94213008436192e-07,1.08123434598051e-06,"-"
"833","MIR650",-10.151487670303,3.94510823566258e-07,1.08123434598051e-06,"-"
"834","GP9",-10.8161540434389,3.95808836388432e-07,1.08349109529351e-06,"-"
"835","ARVCF",-10.9015051020044,4.07491039974439e-07,1.11413418474448e-06,"-"
"836","HID1-AS1",-10.4783289770769,4.08504724200186e-07,1.11556971931702e-06,"-"
"837","DAPK2",-10.4486295650012,4.10538100034984e-07,1.11978313307033e-06,"-"
"838","XXYLT1-AS2",-10.5612642754942,4.1908874931957e-07,1.14038094719497e-06,"-"
"839","ARHGAP39",-10.0165287627767,4.18654148986084e-07,1.14038094719497e-06,"-"
"840","EMC2",10.0265349869142,4.26632151368664e-07,1.15952523996983e-06,"+"
"841","PTPRB",-10.4577430832448,4.39132539910385e-07,1.19208036696244e-06,"-"
"842","RAI14",-9.89952596678827,4.4856247711137e-07,1.21623293972121e-06,"-"
"843","ZBTB44",-10.2692193731948,4.57694787461376e-07,1.23952218241319e-06,"-"
"844","FGFBP2",9.68049938813825,4.60366672101979e-07,1.24528093887301e-06,"+"
"845","LINC00662",10.5203538343601,4.66067963544947e-07,1.25921084115161e-06,"+"
"846","TACC1",-10.0672214935197,4.74111685436125e-07,1.27942905183295e-06,"-"
"847","BAP1",-10.2619296345484,4.80932173885489e-07,1.29477376530728e-06,"-"
"848","LINC00856",10.3258298725042,4.80396201006595e-07,1.29477376530728e-06,"+"
"849","RNF19A",-10.803046303974,4.81828736323268e-07,1.29565960544879e-06,"-"
"850","RERE-AS1",10.3691195624105,4.85990795909467e-07,1.30531410242508e-06,"+"
"851","LPP",10.4316823674713,4.92721904514193e-07,1.32183796475429e-06,"+"
"852","MIR2278",-10.4486296680948,4.95679261002338e-07,1.328210977545e-06,"-"
"853","CLSTN2-AS1",10.2762523163473,5.13190294895969e-07,1.37352103546014e-06,"+"
"854","SLC28A3",-10.2619122766094,5.34317053258779e-07,1.42839090467189e-06,"-"
"855","ALKAL2",-9.84054723247644,5.45636820486878e-07,1.45694603645794e-06,"-"
"856","CHRM3-AS2",-10.0669944116409,5.50787452989756e-07,1.46898102240142e-06,"-"
"857","MIR8081",-9.84057338523724,5.66466079002365e-07,1.50903390707398e-06,"-"
"858","COLGALT2",-10.2859349073222,5.68076062475954e-07,1.51155903337133e-06,"-"
"859","ZBTB20-AS3",10.3111889012663,5.71273360240708e-07,1.51829695160598e-06,"+"
"860","ADPGK",10.8622379808819,5.75467933763252e-07,1.52766661951338e-06,"+"
"861","SAMD11",10.1209113875058,5.77708173635e-07,1.53109868670191e-06,"+"
"862","CTD-2194D22.4",9.88853270133936,5.78102088452495e-07,1.53109868670191e-06,"+"
"863","TRAP1",10.5460258639426,5.87258688446573e-07,1.55354760802263e-06,"+"
"864","HLA-DMA",-10.4089081948376,6.09914075498234e-07,1.61161323421582e-06,"-"
"865","TNP1",10.2227751057,6.23777467927968e-07,1.6463398373174e-06,"+"
"866","NDP",9.90657173653556,6.36093974795174e-07,1.67690824995079e-06,"+"
"867","KCNK12",9.63636562038671,6.50410403929966e-07,1.71267237851455e-06,"+"
"868","PPARGC1B",9.68053400956609,6.57147737982312e-07,1.72841968411707e-06,"+"
"869","PLEC",10.2765653608242,6.58919950937874e-07,1.7310865914743e-06,"+"
"870","TTLL10",9.91071998914243,6.79680537077533e-07,1.78357547833104e-06,"+"
"871","LOC100507468",9.9777914604714,6.88763906623115e-07,1.80533639359423e-06,"+"
"872","HEXIM2",-10.2619548030983,7.3688961078127e-07,1.92926488694225e-06,"-"
"873","MIR548BB",9.68052026328402,7.46788115031732e-07,1.95294074068436e-06,"+"
"874","DCTD",-9.89991327515897,7.80510796393507e-07,2.03879421987e-06,"-"
"875","MMP16",10.1209387076858,7.85732905472793e-07,2.05008939793644e-06,"+"
"876","FBXO34",10.0436143716313,7.92508147166348e-07,2.06540650682737e-06,"+"
"877","LINC02239",-9.44174380723717,8.29859484766182e-07,2.16028415475621e-06,"-"
"878","OGFRP1",-9.89947780311629,8.32011024113618e-07,2.16341818684668e-06,"-"
"879","KLF4",-9.63053733319731,8.4543764814166e-07,2.19582952298909e-06,"-"
"880","KANK1",-10.2861571887815,8.50060724604184e-07,2.20532799349017e-06,"-"
"881","RAPGEF1",9.91079606711708,8.51826202519286e-07,2.20739979608573e-06,"+"
"882","RTN4",10.1208043468944,8.60133861710518e-07,2.22640091415546e-06,"+"
"883","KLRF1",10.1209236812485,8.97587630219083e-07,2.3207163757533e-06,"+"
"884","JAG2",9.68052165779474,9.54743356287423e-07,2.46570031946175e-06,"+"
"885","MIR6769A",10.1209223436603,9.6987980962681e-07,2.50196113602035e-06,"+"
"886","CTD-3080P12.3",10.0265067766701,9.83282364582116e-07,2.53367227803721e-06,"+"
"887","PRSS8",10.120905017003,1.00030679162391e-06,2.57463405330033e-06,"+"
"888","MARCH6",-9.89992015969904,1.0134356828465e-06,2.60548836029118e-06,"-"
"889","CST4",-9.85599362998191,1.03412363432674e-06,2.65568532864787e-06,"-"
"890","PRAG1",9.89361462571473,1.05859389139982e-06,2.71547174614134e-06,"+"
"891","LOC101929439",-9.85597320267471,1.06279083816209e-06,2.7231778715197e-06,"-"
"892","MYH13",-10.2619267125651,1.07016499316641e-06,2.73899851950551e-06,"-"
"893","KIF26A",9.68048754483877,1.07987159592506e-06,2.76074675643551e-06,"+"
"894","METTL24",-9.89994280058932,1.08601098534464e-06,2.77333677801099e-06,"-"
"895","MIR4279",-9.89989343686592,1.09237997953546e-06,2.7864843500329e-06,"-"
"896","UBE2V2",9.68048859998411,1.10539788712525e-06,2.81654394677115e-06,"+"
"897","B4GALT5",-10.6336398255886,1.12945986034929e-06,2.87464533018666e-06,"-"
"898","LINC01346",-9.44156321310035,1.13898605947433e-06,2.89566277703773e-06,"-"
"899","LINC00320",9.68059853073846,1.1996675707151e-06,3.04654178414079e-06,"+"
"900","ADRB1",9.91051389906133,1.25512132821801e-06,3.18382443591302e-06,"+"
"901","SLC41A3",9.68046886713131,1.34457834178722e-06,3.40696154750303e-06,"+"
"902","FBLN2",10.0333212705818,1.36310053856509e-06,3.4424940982412e-06,"+"
"903","CCNH",-9.44171142482737,1.36312512694264e-06,3.4424940982412e-06,"-"
"904","ANKRD30A",-9.44182533000455,1.36221859189533e-06,3.4424940982412e-06,"-"
"905","SUSD3",9.48756493892605,1.37082819472859e-06,3.45812239620482e-06,"+"
"906","MIR4282",9.68048452141658,1.395404391706e-06,3.51623424532539e-06,"+"
"907","LINC02035",9.68048439324549,1.39941988362634e-06,3.52246482284337e-06,"+"
"908","MAPRE1",9.68048452718573,1.40430219751569e-06,3.53086114199155e-06,"+"
"909","OR1D5",9.50314113807665,1.4271507195228e-06,3.58436203814141e-06,"+"
"910","LINC01107",-9.44171613259321,1.43156834402198e-06,3.59150607626614e-06,"-"
"911","LINC00460",-9.89990099857523,1.44531931984071e-06,3.62202415718589e-06,"-"
"912","LOC105370306",9.68042564862676,1.45986059149709e-06,3.65445365174107e-06,"+"
"913","GRM7-AS1",-9.89990098289885,1.481690955049e-06,3.70503882845221e-06,"-"
"914","PSME4",9.8139001848503,1.49235905011604e-06,3.72763206938176e-06,"+"
"915","MIR4286",-9.85605896664402,1.53150687715334e-06,3.81706353770859e-06,"-"
"916","PCAT29",9.48755427682787,1.53034590714541e-06,3.81706353770859e-06,"+"
"917","TBC1D10C",-10.5612473327979,1.56818953087447e-06,3.90422758886196e-06,"-"
"918","LINC00322",-9.90001398200897,1.57207574509276e-06,3.90963935299211e-06,"-"
"919","DOK6",-9.8999191260196,1.61336834968983e-06,4.00796511680291e-06,"-"
"920","PIK3CD-AS2",-9.44171761782493,1.62040515100489e-06,4.02107060841758e-06,"-"
"921","AUH",9.6804881857779,1.6351294604897e-06,4.05320364636046e-06,"+"
"922","INSM1",9.34444032713903,1.63857970253192e-06,4.05735082524986e-06,"+"
"923","MIR4644",8.97444728764813,1.65264988536455e-06,4.0877569753925e-06,"+"
"924","GGTLC2",9.91049583933441,1.66817328564918e-06,4.121687890841e-06,"+"
"925","MLC1",9.81392004125599,1.68114975570875e-06,4.14925934300872e-06,"+"
"926","PTTG2",-9.4296863662244,1.6841671640246e-06,4.15221774888571e-06,"-"
"927","STK39",10.043613858309,1.69632390198634e-06,4.17554144329852e-06,"+"
"928","TPST2",-9.44175989989409,1.6972853523351e-06,4.17554144329852e-06,"-"
"929","LINC02114",-9.8995561076879,1.81607290096742e-06,4.46038657063455e-06,"-"
"930","CSDC2",9.50301317894902,1.81697744664482e-06,4.46038657063455e-06,"+"
"931","CYBA",-10.4485923801659,1.83557173748121e-06,4.50119256355489e-06,"-"
"932","MIR6766",9.9102299929887,1.99493233928176e-06,4.88672803710329e-06,"+"
"933","MIR6765",9.50303328709848,2.00154350593588e-06,4.89766754989456e-06,"+"
"934","ROR2",9.97772557200378,2.01706013167159e-06,4.93035147816514e-06,"+"
"935","PAK4",-9.44173240839678,2.04672010249242e-06,4.99749945881304e-06,"-"
"936","MIR4693",9.68046492362592,2.10473201564266e-06,5.13365725610277e-06,"+"
"937","NOG",-9.44173195671423,2.10979551161649e-06,5.14051563822887e-06,"-"
"938","NDUFA4",9.68046146628071,2.11407381634659e-06,5.14544831846404e-06,"+"
"939","TLR4",-9.43446758753068,2.15884485695877e-06,5.2488208822544e-06,"-"
"940","TSPO2",-9.84050478301685,2.18040172251066e-06,5.29559269414025e-06,"-"
"941","LGALS9B",9.09259335031392,2.22293713343841e-06,5.39316203574908e-06,"+"
"942","LINC02016",9.34445558579681,2.23215609179752e-06,5.4097795727959e-06,"+"
"943","GMDS",-9.44175823435022,2.25431849572355e-06,5.45769790640176e-06,"-"
"944","FAM135B",-9.27942862836977,2.27088789630615e-06,5.49198841871498e-06,"-"
"945","COA5",9.68048624187922,2.28206939953041e-06,5.51318988267505e-06,"+"
"946","MAP2K2",10.580651529361,2.29622433340645e-06,5.54152236064156e-06,"+"
"947","PTPN23",-9.4417972315728,2.37691121115783e-06,5.73018827357267e-06,"-"
"948","RASEF",9.09267468353493,2.40749546873238e-06,5.79779763197893e-06,"+"
"949","JAK2",9.8935745655824,2.41627639957044e-06,5.81281245544711e-06,"+"
"950","MRPL40",-9.44208667418746,2.42454978049302e-06,5.82657594617427e-06,"-"
"951","NUP210",-9.43442195622939,2.49990504801409e-06,6.00134934239345e-06,"-"
"952","GNPTG",-9.84053693173468,2.5039096945228e-06,6.00464898381886e-06,"-"
"953","MYL5",9.90671533823179,2.52231445234182e-06,6.04243850440333e-06,"+"
"954","FIG4",10.0436286282336,2.58616775239372e-06,6.18891087915604e-06,"+"
"955","FSD1",10.0436159349018,2.5930795278611e-06,6.19895346817475e-06,"+"
"956","SAMD3",-9.44172075971368,2.63738778525314e-06,6.29828066290055e-06,"-"
"957","COL15A1",-10.1706094041921,2.65576657795986e-06,6.33554346654375e-06,"-"
"958","APOL6",-9.84053669564239,2.66166603664357e-06,6.34298910402637e-06,"-"
"959","NKX6-2",9.89357335035588,2.7012302818221e-06,6.43056176579756e-06,"+"
"960","CYP26B1",-9.43436950915119,2.77271525618642e-06,6.59386346861834e-06,"-"
"961","UCN3",-9.44171218000118,2.80386765098499e-06,6.66100920624218e-06,"-"
"962","SHANK2-AS1",9.09260935040742,2.81656945418206e-06,6.68422875665037e-06,"+"
"963","TET2-AS1",9.50301769965063,2.85844121596064e-06,6.77655378612475e-06,"+"
"964","C19orf66",10.1209012903642,3.03486764068037e-06,7.1873473274619e-06,"+"
"965","NCOR2",-9.44169053054233,3.10486852669944e-06,7.34550761290655e-06,"-"
"966","ZNF32",-9.42972763060138,3.12755910674451e-06,7.39152944171605e-06,"-"
"967","LDAH",-9.27942309839824,3.13384481904699e-06,7.39872566895996e-06,"-"
"968","MIR4261",9.09260795129136,3.19637742311894e-06,7.53078395973224e-06,"+"
"969","ITGA2B",-10.1514133981975,3.19613155549813e-06,7.53078395973224e-06,"-"
"970","PTH1R",-9.44170787896239,3.22595013253482e-06,7.59262283770823e-06,"-"
"971","ANK1",-9.44177560202396,3.24462841907123e-06,7.62871954762061e-06,"-"
"972","SYTL3",-9.44170978980838,3.25592458707205e-06,7.64740311963528e-06,"-"
"973","LY86-AS1",-9.4416795302581,3.4710123405161e-06,8.14421497779883e-06,"-"
"974","SYK",9.09260471481049,3.50382637650206e-06,8.21276757449097e-06,"+"
"975","WNT4",9.68047041768491,3.51158183113041e-06,8.22250391843151e-06,"+"
"976","ATP7A",-9.27931509530114,3.52680075760656e-06,8.24967841149158e-06,"-"
"977","MIR3688-1",9.50300936554381,3.53325465668256e-06,8.25631564094808e-06,"+"
"978","BCHE",9.09254445342554,3.58225797199738e-06,8.36226477512272e-06,"+"
"979","HS6ST2-AS1",-9.44172229592899,3.64240686934176e-06,8.49398864423621e-06,"-"
"980","MAP1LC3B",-9.43434071794269,3.69143576774537e-06,8.59953863037009e-06,"-"
"981","MAFTRR",-9.44172046838036,3.6985612803782e-06,8.6073551509719e-06,"-"
"982","SPAG4",9.09271905434239,3.72024695124744e-06,8.64900589582272e-06,"+"
"983","LOC100506688",9.34442255893819,3.87118069705356e-06,8.99074825165135e-06,"+"
"984","WIPF1",-9.48946691693315,3.88426973338237e-06,9.00059163761523e-06,"-"
"985","NDST1-AS1",-9.48946797783029,3.88724632268446e-06,9.00059163761523e-06,"-"
"986","BPGM",-9.27941825509716,3.8858853047117e-06,9.00059163761523e-06,"-"
"987","SLC6A3",-8.82102095529325,3.90996868785652e-06,9.04403091628819e-06,"-"
"988","CHODL",-9.43436454266992,3.9217066226662e-06,9.06200022221351e-06,"-"
"989","LOC728095",9.43657946964021,4.09273527484599e-06,9.44763865770818e-06,"+"
"990","FGFBP1",-9.9297031805997,4.15203516188615e-06,9.57484472180411e-06,"-"
"991","PDZD2",9.68045307670686,4.1943432851785e-06,9.66264956615795e-06,"+"
"992","PTPN2",9.34442768259217,4.20454432717092e-06,9.67638578521291e-06,"+"
"993","SLC4A4",9.09283785693438,4.25477671770813e-06,9.78213015763108e-06,"+"
"994","SCAF8",-9.43437871187414,4.28501236151992e-06,9.8417336230885e-06,"-"
"995","ZNF746",-9.44143294583714,4.29628850435431e-06,9.85771523159888e-06,"-"
"996","GSC",-9.44169995699318,4.38077494384116e-06,1.00414750971781e-05,"-"
"997","THADA",-9.43434484794153,4.60360959133487e-06,1.05311846154385e-05,"-"
"998","KIF21A",-8.82106564887971,4.60364531152326e-06,1.05311846154385e-05,"-"
"999","MIR6760",-9.85594664831304,4.63582955042101e-06,1.05941930566678e-05,"-"
"1000","CASP8",9.50305329471954,4.68195344501804e-06,1.06888997149762e-05,"+"
"1001","CNGB1",9.68047913407435,4.87454944835474e-06,1.11174789116822e-05,"+"
"1002","TNR",9.09253998463515,4.89933832709196e-06,1.11628636734041e-05,"+"
"1003","RFK",-9.27945922675101,4.90838882572158e-06,1.11723346850672e-05,"-"
"1004","GPC1",9.09259880922576,4.9662909866794e-06,1.12928708392321e-05,"+"
"1005","MYRFL",9.09259104420672,5.02187214285497e-06,1.14078946289929e-05,"+"
"1006","PGAP3",9.43663425640839,5.03528893694425e-06,1.142700262728e-05,"+"
"1007","SPIDR",9.48752491467348,5.13100956689509e-06,1.16326661779757e-05,"+"
"1008","LSM4",8.96054744086281,5.16501842846178e-06,1.16981518573197e-05,"+"
"1009","LINC01029",9.39935348356077,5.23641154443811e-06,1.18480947036196e-05,"+"
"1010","NTM-IT",9.09261331222815,5.27764804178337e-06,1.19295747320707e-05,"+"
"1011","NIPAL2",-9.44169975948411,5.3574818850016e-06,1.2098052565241e-05,"-"
"1012","CD74",-9.44169756346504,5.37676162139128e-06,1.21295916814588e-05,"-"
"1013","CD47",9.68046100266839,5.45974719023847e-06,1.2304642483035e-05,"+"
"1014","LOC100506474",9.0925957519771,5.4743069448729e-06,1.23252887131606e-05,"+"
"1015","RAB40C",-9.89947570612814,5.50069973066625e-06,1.23725098375478e-05,"-"
"1016","LINC01511",9.72776672110652,5.67393880467779e-06,1.2749608554212e-05,"+"
"1017","DNAJB8-AS1",-9.4343546915077,5.8513232733766e-06,1.31352714189958e-05,"-"
"1018","BOK-AS1",-9.43443556460809,5.85803905788916e-06,1.31374294392544e-05,"-"
"1019","EFCAB6",8.9602822828541,5.86682345798458e-06,1.31442178160734e-05,"+"
"1020","ARIH2OS",9.68049475373257,5.89268588197398e-06,1.31892175181829e-05,"+"
"1021","LOC101929445",9.09258760325446,6.13903333341016e-06,1.37271430951767e-05,"+"
"1022","EDN1",9.09258627289998,6.22111258888081e-06,1.38970646188013e-05,"+"
"1023","ALPK3",-9.44168389478,6.27248008445653e-06,1.39981153790951e-05,"-"
"1024","C1orf100",9.09254337287962,6.41075649720097e-06,1.42927315264744e-05,"+"
"1025","DNASE2B",9.48757876321531,6.42466298678273e-06,1.43097615598292e-05,"+"
"1026","TMEM38B",9.09263049392051,6.9422791535494e-06,1.544758606974e-05,"+"
"1027","DOCK5",-9.89985373223066,7.13181869887378e-06,1.58538871368343e-05,"-"
"1028","TTC7B",9.39936247581102,7.45303804740736e-06,1.65518344963337e-05,"+"
"1029","RPS24",-9.27941616019349,7.49943246106105e-06,1.66386825156486e-05,"-"
"1030","TOX2",-9.44168126184787,7.52177380572496e-06,1.66720481538545e-05,"-"
"1031","PIK3R3",9.39934086798832,7.65818083733949e-06,1.69579309909273e-05,"+"
"1032","LOC101928517",9.09261945457774,7.78784117916358e-06,1.72283347015799e-05,"+"
"1033","MGST2",-8.8209751115363,7.96181390490751e-06,1.75961482525691e-05,"-"
"1034","LINC01898",-8.82101071451273,8.01868607396151e-06,1.77047004901877e-05,"-"
"1035","UNC5C",-9.2794133625425,8.40813345983594e-06,1.85466364143048e-05,"-"
"1036","TMEM185B",8.97439364724624,8.80979414731107e-06,1.94138610408409e-05,"+"
"1037","BFSP2",8.96020631197392,8.87219520025861e-06,1.95325184592e-05,"+"
"1038","B3GNTL1",-9.43432750229324,8.95696609934347e-06,1.9700147981504e-05,"-"
"1039","ID4",9.68044307117622,9.19672048462184e-06,2.02080008338707e-05,"+"
"1040","MIR3118-1",8.85782877527062,9.22635257624059e-06,2.02536182034204e-05,"+"
"1041","KRT85",-8.82109834891905,9.31624737171346e-06,2.04313090774465e-05,"-"
"1042","LINC02325",-9.44169637304309,9.34114664474854e-06,2.04662550767379e-05,"-"
"1043","POC1A",9.39932125495727,9.46293019854269e-06,2.07132019590345e-05,"+"
"1044","GLIS3-AS1",9.09263753151305,9.5274529589415e-06,2.08344589130876e-05,"+"
"1045","LOC100130298",-9.44169416392228,9.96648447642788e-06,2.17736689566362e-05,"-"
"1046","BAIAP2",-8.8209919864426,1.01930526629178e-05,2.22473606400013e-05,"-"
"1047","ZFAT-AS1",-9.44169322956447,1.06663696136619e-05,2.32581870372398e-05,"-"
"1048","SNAPC3",-9.27940859668767,1.13867825305203e-05,2.4805366905704e-05,"-"
"1049","MIR4280",8.97443867897872,1.16560698835628e-05,2.53677860287644e-05,"+"
"1050","SMIM31",9.09258222951069,1.21633590587503e-05,2.64466178391685e-05,"+"
"1051","CHRM3",-8.41526633344807,1.29147926907067e-05,2.80537314109261e-05,"-"
"1052","P2RX7",-9.48944776613864,1.35077598107803e-05,2.93138932015318e-05,"-"
"1053","HHEX",-9.44169446632788,1.35787379217433e-05,2.94399417619563e-05,"-"
"1054","CYB5B",-8.82091909406623,1.42739559564127e-05,3.09178761370874e-05,"-"
"1055","LINC01507",9.09251028733934,1.60948296781939e-05,3.4828906308357e-05,"+"
"1056","KRT74",8.97442132243046,1.63235307875475e-05,3.52903605946694e-05,"+"
"1057","LINC01005",-8.82087273429375,1.67580063306465e-05,3.61953911569215e-05,"-"
"1058","TRPM1",-8.82030510719761,1.68831511902213e-05,3.6431223220487e-05,"-"
"1059","LINC01812",-8.82100419848599,1.76547022803758e-05,3.80601372106686e-05,"-"
"1060","TXN2",-8.82098221404139,1.79964707934059e-05,3.87603234163638e-05,"-"
"1061","FRMD6-AS2",9.09258103709322,1.83481037287716e-05,3.94804154691665e-05,"+"
"1062","LOC339862",-8.82084621547874,1.89068461916668e-05,4.06443783950803e-05,"-"
"1063","SLC12A7",-8.820619329339,1.89281278546068e-05,4.06518493810605e-05,"-"
"1064","PKDREJ",-8.82098136192305,1.95183293687182e-05,4.18800243879546e-05,"-"
"1065","LAMA5",-8.820972937797,2.06814496362312e-05,4.43340371075266e-05,"-"
"1066","PIM1",9.0926049966961,2.10460766008573e-05,4.50733516695659e-05,"+"
"1067","LOC101929341",-8.82100734985538,2.32550381694775e-05,4.9757499663465e-05,"-"
"1068","TMEM141",-8.82097891570241,2.39034306215068e-05,5.10969401768727e-05,"-"
"1069","ME3",-8.90846817737255,2.61382267256957e-05,5.58218630633895e-05,"-"
"1070","CD160",8.97419787647874,2.87256159412317e-05,6.12902627979739e-05,"+"
"1071","LINC01723",-8.4151716346866,3.0705521183916e-05,6.54535059410646e-05,"-"
"1072","CNOT11",-8.90846828069125,3.13742520180165e-05,6.68166206689661e-05,"-"
"1073","ENTHD1",8.22296319532871,3.20338294758145e-05,6.81577191922503e-05,"+"
"1074","NAV2-AS2",-8.41526942494221,3.32562227825626e-05,7.06926970322071e-05,"-"
"1075","MIR3910-1",8.2229648945188,3.70129416992824e-05,7.86051589762436e-05,"+"
"1076","MXI1",-8.821013678504,4.74731871008358e-05,0.000100726102371011,"-"
"1077","TLE2",-6.91196840916649,0.000691579162949713,0.0014659937131051,"-"
"1078","LINC01655",-6.57996966202325,0.00250834287957657,0.00531219554181197,"-"
