"","Feature","p value","adjusted p value"
"358","MIR548I3",0,0
"771","SLC27A1",0,0
"857","SNAP29",9.24944436344564e-312,7.30613610268571e-308
"413","ANKRD16",3.87483944415687e-292,2.29555175770463e-288
"779","CCNE1",1.37494152587254e-268,6.51639786772029e-265
"614","IQGAP1",4.10227925555133e-268,1.62019519198e-264
"8",NA,3.13091077892734e-258,1.05990275326059e-254
"273","TMEM14C",4.02886819491221e-251,1.19340112018543e-247
"786","SERTAD1",1.66433263148669e-239,4.38218781870446e-236
"341","ATXN7L1",8.22050168892164e-229,1.94801228522376e-225
"72","CFAP126",3.57152343658394e-214,7.69403553424814e-211
"765","MIR23A",1.19372120312409e-197,2.3573009458693e-194
"797","LMTK3",1.53394395056412e-180,2.79614383050138e-177
"657","CHST6",6.45293612108672e-163,1.09225162329566e-159
"444","INPP5F",1.06430375821199e-154,1.6813870772233e-151
"698","NAGS",4.17409203258348e-153,6.18209118100817e-150
"429","P4HA1",1.91851142094446e-150,2.67429206718357e-147
"427","LRRC20",1.98950534732161e-147,2.6191837897489e-144
"385","FAM214B",1.05998886967757e-131,1.32202927603944e-128
"41","FOXO6",1.72221058050833e-131,2.04056120631529e-128
"283","HLA-B",1.07492228294188e-130,1.21297301613684e-127
"165","BSN-DT",1.29544019637976e-130,1.39536574243687e-127
"10","GPR157",8.0122322053758e-122,8.25503767699089e-119
"144","LRRFIP1",5.47472921273094e-112,5.40561075642022e-109
"689","CCL4L2",1.3206782783946e-103,1.25184452652467e-100
"865","YWHAH",6.78751470737817e-101,6.18629753925925e-98
"569","PCK2",9.52961856949195e-100,8.36382856449077e-97
"382","MIR661",3.26764664638678e-96,2.76547937783669e-93
"885","SASH3",1.00858937704818e-75,8.24156636824506e-73
"98","ADI1",6.68875786026112e-74,5.28344983382026e-71
"412","TMEM141",3.34745610261598e-71,2.55886023431261e-68
"46","PRDX1",3.11819002075371e-69,2.30911715380627e-66
"329","ZP3",6.39269020374004e-65,4.59053271994023e-62
"664","SNAI3",2.12156791368639e-62,1.47867043678313e-59
"51","EPS8L3",3.86397321572161e-59,2.616130665513e-56
"688","CCL3L3",1.45990884566906e-56,9.35012430157287e-54
"796","MIR3190",1.45990884566906e-56,9.35012430157287e-54
"582","FOS",6.06749744205383e-55,3.78372333906183e-52
"700","NPEPPS",9.23855028500239e-54,5.6134852847103e-51
"787","SHKBP1",1.91365069958623e-51,1.13369451570237e-48
"48","ACOT11",5.94966989746145e-49,3.43876408683278e-46
"496","FAM86C1",2.6877808776535e-48,1.51648436804179e-45
"404","ASB6",4.81435220119541e-48,2.65315590957506e-45
"670","NEURL4",4.94108448044956e-47,2.66111088484576e-44
"695","RARA",5.82198825018542e-46,3.06585901254764e-43
"205","HAUS3",7.53857962299011e-46,3.88351568099993e-43
"420","ARHGAP12",6.70255031153378e-45,3.37936882409396e-42
"237","DIMT1",1.29620895350715e-44,6.39922157734559e-42
"111","SERTAD2",1.5439873760443e-43,7.46691201022891e-41
"637","PPP4C",1.72032930364771e-42,8.15332870170797e-40
"553","FBRSL1",2.59567136625429e-42,1.20607106600251e-39
"184","NPHP3-ACAD11",3.74618425719216e-42,1.70717939120544e-39
"245","TNFAIP8",3.92418059261617e-42,1.75455297175897e-39
"345","ARF5",6.33007638393047e-42,2.77784851981482e-39
"658","NUDT7",2.03590758766897e-41,8.77180038272575e-39
"193","CCNL1",1.44050869808725e-40,6.09566689617386e-38
"291","NCR2",1.9039578097629e-40,7.91545407332482e-38
"449","C10orf91",6.56497586425652e-40,2.68224539750494e-37
"731","MEX3C",1.86818254880243e-39,7.50344438287647e-37
"854","LINC01423",5.2153288714508e-38,2.05979413777949e-35
"533","HNRNPA1",1.09463410881925e-37,4.25238434044094e-35
"742","ATP8B3",5.60892437714415e-37,2.14378517685782e-34
"534","MMP19",8.39505921101121e-37,3.15774155751322e-34
"365","KAT6A",6.30308129796506e-36,2.33381433621684e-33
"129","GPR155",1.03914607358368e-35,3.78840684703269e-33
"781","CATSPERG",2.26956314555086e-35,8.14876331213921e-33
"269","WRNIP1",1.05820387876444e-34,3.74272497240015e-32
"332","FZD1",3.01754128263279e-34,1.05156876139043e-31
"440","STN1",5.24208272633259e-34,1.80031354153483e-31
"760","CDC37",7.72388001974374e-34,2.61475406896954e-31
"190","MBNL1-AS1",9.69600040955952e-34,3.23614255923003e-31
"703","LUC7L3",2.86043127504491e-33,9.41439443399156e-31
"827","GZF1",3.58891536448877e-33,1.16502092318206e-30
"757","ZNF558",6.48469443015792e-33,2.05918948693423e-30
"445","OAT",6.51724739503174e-33,2.05918948693423e-30
"261","ANXA6",1.18432525985958e-32,3.69275732669638e-30
"552","NOC4L",2.15364499535944e-31,6.62791239675748e-29
"342","NAMPT",8.48359162534709e-31,2.57738039417756e-28
"871","PIM3",1.37430527161934e-30,4.1223939267802e-28
"560","LINC00390",5.54541448928915e-30,1.64262108940856e-27
"272","LY86-AS1",7.62444513169541e-30,2.230573781306e-27
"99","LINC01814",9.10933710745507e-30,2.6324873345776e-27
"241","CHD1",1.34016179770042e-29,3.82624266507312e-27
"136","MIR26B",1.67664859296726e-29,4.72994544137443e-27
"303","SLC2A12",2.29485410277213e-29,6.39778325569307e-27
"535","NAB2",4.43100680230623e-29,1.22094846737501e-26
"618","RHOT2",6.41073536610548e-29,1.74615167782301e-26
"250","IRF1",2.21474207247911e-28,5.96394805585654e-26
"213","RBPJ",3.17142076583786e-28,8.44417504360222e-26
"866","EP300",4.33939058122972e-28,1.14256154003779e-25
"559","RGCC",5.37095926931593e-28,1.39863320664813e-25
"37","YARS",2.23136354530753e-27,5.74745890577744e-25
"798","SPACA4",3.39808304427356e-27,8.65853482797318e-25
"23","ARHGEF10L",5.4423629160116e-27,1.37199653213539e-24
"351","ZYX",5.77651870302573e-27,1.44090698637474e-24
"373","SQLE",2.91929261211625e-26,7.2060913572207e-24
"395","KLF4",3.13660854758856e-26,7.66270234558826e-24
"568","PPP1R3E",4.12506776422777e-26,9.97466640907198e-24
"157","CSRNP1",5.86917129474341e-26,1.40486618355085e-23
"355","RBM33",8.11470022660587e-26,1.92294051269879e-23
"518","APLP2",1.66750787455801e-25,3.91236971320804e-23
"56","DENND2C",1.78991739008654e-25,4.158399254204e-23
"219","PRKG2",2.82468184568719e-25,6.49868793177179e-23
"737","GPX4",3.48518198129929e-25,7.94118821258165e-23
"479","ASRGL1",1.00180183570179e-24,2.26092362863097e-22
"623","ECI1",3.4636445838037e-24,7.74320619833928e-22
"288","PPARD",9.84738601855293e-24,2.18087389235186e-21
"203","FGFRL1",1.0729978415927e-23,2.35433609742799e-21
"573","DTD2",2.17404222577734e-23,4.72644758020601e-21
"428","PRF1",5.66534551471917e-23,1.22046993329364e-20
"777","HOMER3-AS1",6.74420245375735e-23,1.4397960860062e-20
"178","OSBPL11",8.58248920090193e-23,1.81588613030155e-20
"800","NR1H2",1.38640535455204e-22,2.90740245016103e-20
"725","CSNK1D",1.49465162001367e-22,3.10690872275999e-20
"506","SLC35F2",1.58394597490382e-22,3.26389284933008e-20
"502","CAPN5",1.95750361954632e-22,3.99887614417147e-20
"24","AKR7A2",2.3256172104551e-22,4.71026931932944e-20
"206","SH3BP2",7.29639863786777e-22,1.46527761458943e-19
"227","SMARCA5",7.56066756303761e-22,1.50558940538909e-19
"402","ENG",1.18714535068441e-21,2.34431528126404e-19
"333","TECPR1",1.62496224897557e-21,3.18237441437803e-19
"407","RAPGEF1",5.18145147323433e-21,1.0064332423052e-18
"878","TXLNG",6.13784872689605e-21,1.18250895350614e-18
"289","PIM1",8.22384318572803e-21,1.57161622558224e-18
"592","ATP5MPL",8.90867551513142e-21,1.68887106945655e-18
"513","CRTAM",1.32841504271714e-20,2.49836914819587e-18
"156","VILL",1.48027474806059e-20,2.76205281140093e-18
"141","PID1",2.23281075283862e-20,4.13366534453255e-18
"488","LOC101928069",2.89811070796472e-20,5.31542266443112e-18
"456","RHOG",2.9160017992828e-20,5.31542266443112e-18
"208","RGS12",3.37114202664562e-20,6.09816432102453e-18
"271","CDYL",3.42932717210655e-20,6.15642166647038e-18
"620","TSR3",3.70476356297956e-20,6.6008858760847e-18
"411","NALT1",6.20428087903974e-20,1.09718540291496e-17
"768","NOTCH3",6.51048521419751e-20,1.14280717126547e-17
"649","PLLP",7.89174437326569e-20,1.37507842950939e-17
"607","PARP6",8.06128299621503e-20,1.3943665924183e-17
"92","C1orf100",1.12554252761365e-19,1.93275226643918e-17
"619","STUB1",1.15748186155996e-19,1.97329839376881e-17
"432","LINC00595",4.17863748603287e-19,7.07294089332293e-17
"615","ARRDC4",5.01462685209221e-19,8.42777393716518e-17
"375","ST3GAL1",5.30367476425466e-19,8.85078738651709e-17
"839","SYS1-DBNDD2",6.76498847492859e-19,1.12104847475792e-16
"110","LOC339803",8.6519107179764e-19,1.42378005752699e-16
"616","MEF2A",1.00378268013271e-18,1.64045780490378e-16
"622","NOXO1",1.20805467046484e-18,1.96077202232914e-16
"78","LOC101929224",2.29766867266765e-18,3.70393568273505e-16
"838","L3MBTL1",2.49050082523415e-18,3.987662030782e-16
"715","C17orf77",2.65304929703316e-18,4.21941672428153e-16
"347","HILPDA",3.31920282307187e-18,5.24367661988894e-16
"661","CRISPLD2",3.48311608339639e-18,5.46618555153935e-16
"233","SLC1A3",3.84968604098606e-18,6.00171119166096e-16
"555","IFT88",4.03858601021538e-18,6.25505703817476e-16
"802","HAS1",9.32366101128009e-18,1.43469347392405e-15
"887","CXorf40B",1.09811670898168e-17,1.67884333243477e-15
"542","DAO",1.22304196380031e-17,1.8578477830882e-15
"312","GPR146",1.24581146015542e-17,1.8803817943505e-15
"285","HLA-DMA",2.91639780779902e-17,4.37404296527933e-15
"224","ANXA5",3.10970098145336e-17,4.63462793443398e-15
"42","HIVEP3",3.27853809577797e-17,4.85571982847816e-15
"536","CTDSP2",3.63589058931137e-17,5.35153411769636e-15
"270","NQO2",4.35999279240335e-17,6.3777005679989e-15
"302","HEY2",4.65315680223792e-17,6.72486025191476e-15
"879","PRDX4",4.65407891848766e-17,6.72486025191476e-15
"34","LINC01226",5.29156965453999e-17,7.59965612749297e-15
"75","MPZL1",7.33745307148627e-17,1.04744352671693e-14
"61","LOC105371433",8.90282398700241e-17,1.26329473065866e-14
"764","MIR6794",8.98599016813416e-17,1.26750600603735e-14
"745","BTBD2",1.12640447462969e-16,1.57943235711833e-14
"359","MIR4660",1.1597034276849e-16,1.61655836034406e-14
"4","MORN1",1.64833351561606e-16,2.28424323506163e-14
"362","EXTL3",1.92381621706043e-16,2.65050423812099e-14
"651","CDH5",2.64366029768724e-16,3.62120335689563e-14
"294","PAQR8",2.92987619042118e-16,3.99018828071326e-14
"280","PPP1R18",3.46452107420567e-16,4.69135747974011e-14
"442","CACUL1",3.63561182630037e-16,4.89506212771818e-14
"39","STK40",4.7131960216408e-16,6.31009074151537e-14
"45","BTBD19",6.39473980664991e-16,8.51326680888667e-14
"665","ZNF778",1.2060242159152e-15,1.59660088516997e-13
"433","PPIF",1.24711791309615e-15,1.64183073259108e-13
"334","BRI3",1.35589248731547e-15,1.77517040176325e-13
"485","CDC42EP2",1.64529082814707e-15,2.14222289860445e-13
"304","LINC01010",1.71744427374016e-15,2.22394956037272e-13
"636","ATXN2L",1.8253312902625e-15,2.35080845572557e-13
"676","ZNF18",2.03425933929792e-15,2.6057212736942e-13
"301","FAM184A",2.52987719115618e-15,3.22314515047462e-13
"21","ARHGEF19",4.38277736586586e-15,5.55393985234884e-13
"474","PRG2",4.70679007327543e-15,5.93280874289404e-13
"153","UBP1",5.16648313927291e-15,6.4777857646217e-13
"140","GMPPA",5.22462613547236e-15,6.51620871222572e-13
"410","GPSM1",6.22327526509348e-15,7.72109706580735e-13
"516","TMEM218",7.54549565032291e-15,9.31279220967198e-13
"183","DNAJC13",9.54288387739552e-15,1.17169802716395e-12
"70","TAGLN2",1.48162230999569e-14,1.80979401443134e-12
"508","ALG9",2.27883701341208e-14,2.76931285676031e-12
"625","ZSCAN10",2.40656434958253e-14,2.90960996898251e-12
"256","FCHSD1",3.36361770168689e-14,4.04607353689716e-12
"609","CHRNA5",3.49538681183074e-14,4.18334248888651e-12
"794","MIR6088",4.56977843007954e-14,5.44171052550727e-12
"267","STK10",4.71582042285215e-14,5.58753982801638e-12
"495","NADSYN1",4.90734883410456e-14,5.78554454337193e-12
"369","FLJ42969",5.00544712473813e-14,5.8719841839069e-12
"133","BARD1",6.39710346704489e-14,7.46759413096369e-12
"821","SPEF1",7.91112866837512e-14,9.18970666933751e-12
"758","ICAM3",1.05218201029959e-13,1.2162710779546e-11
"96","ZNF672",1.06971095585115e-13,1.23053109324295e-11
"612","MEX3B",1.21724171875033e-13,1.39347715020418e-11
"849","MIR1914",1.36568581322975e-13,1.55589695750507e-11
"814","KIR2DL3",1.39619736978832e-13,1.5830473240131e-11
"226","ELF2",1.74889604218708e-13,1.97350426246224e-11
"354","PAXIP1-AS1",1.78333675415482e-13,2.00283085607615e-11
"613","ANPEP",1.90126148635784e-13,2.12519780387838e-11
"678","RAI1-AS1",2.17079423897806e-13,2.41508502727996e-11
"68","NES",2.23769952254179e-13,2.47788624232116e-11
"746","DOT1L",2.63451449049663e-13,2.90372511075808e-11
"319","CREB5",2.8081371871849e-13,3.0807605057741e-11
"669","CAMKK1",4.22894174302567e-13,4.61812131264881e-11
"25","CDA",4.38309162580119e-13,4.76450102094544e-11
"461","FAR1",5.81165535425636e-13,6.28852954017411e-11
"284","HLA-DMB",6.02658620250547e-13,6.49145514730783e-11
"3","SKI",8.72696317130729e-13,9.35759485386737e-11
"795","PNMA8B",9.64438916877654e-13,1.02947337897521e-10
"307","GINM1",1.82969811950961e-12,1.9443209120188e-10
"529","ATG101",2.03328589980975e-12,2.15101678427641e-10
"489","RHOD",2.2200065658716e-12,2.33811091517597e-10
"278","E2F3",2.33345207954858e-12,2.4467174304895e-10
"324","NSUN5",2.65643448934078e-12,2.76860577694779e-10
"374","TRIB1",2.66380603934715e-12,2.76860577694779e-10
"210","ABLIM2",2.82379036055868e-12,2.92206812987594e-10
"310","FGFR1OP",3.73570719454857e-12,3.84891536474859e-10
"644","N4BP1",4.23159949402553e-12,4.34096161081918e-10
"179","ZXDC",5.22480692818491e-12,5.33673490418956e-10
"403","CIZ1",5.75969199739316e-12,5.85782923872214e-10
"265","KCNMB1",8.48453241440841e-12,8.59222071043744e-10
"389","CTSL",8.79585631851111e-12,8.86959179488331e-10
"460","LOC440028",9.93149675783989e-12,9.97231689281915e-10
"93","AHCTF1",1.01436896436905e-11,1.01424056323432e-09
"171","LINC00877",1.21067962123657e-11,1.20544012539677e-09
"837","LINC01370",1.22816512683659e-11,1.21773343140781e-09
"852","LINC01426",1.28700247166227e-11,1.27075406545754e-09
"862","XBP1",1.47058646795024e-11,1.44599533323721e-09
"747","LSM7",1.54678730496321e-11,1.51463713907906e-09
"89","IRF2BP2",1.59838981694074e-11,1.55872606963147e-09
"629","LOC101927131",1.62105136560201e-11,1.57434648404389e-09
"36","MARCKSL1",1.79350735046082e-11,1.73472423199469e-09
"585","NRDE2",1.89532810515536e-11,1.82575569544173e-09
"196","MCF2L2",1.97472319807738e-11,1.89453504554007e-09
"443","GRK5",2.05397944406543e-11,1.96262705185558e-09
"381","PYCR3",2.25899527391295e-11,2.14985586369137e-09
"834","SAMHD1",2.624468731843e-11,2.48768142153934e-09
"392","CARD19",2.87452669386703e-11,2.71385095874769e-09
"801","SPACA6P-AS",3.00355263333415e-11,2.82441217270315e-09
"130","PLEKHA3",3.14325334136604e-11,2.9348364745273e-09
"254","SRA1",3.1457503672614e-11,2.9348364745273e-09
"299","SMPD2",3.88768040109612e-11,3.61274646491771e-09
"889","BCAP31",3.9028699625224e-11,3.61274646491771e-09
"548","OGFOD2",4.39291144394205e-11,4.05053783996478e-09
"146","MIR4786",4.44640591257033e-11,4.08397212830152e-09
"716","SLC16A5",4.48452216647226e-11,4.10307806096112e-09
"567","CHAMP1",4.53836613931863e-11,4.13637163090129e-09
"105","ABHD1",5.06193540124321e-11,4.59588824533564e-09
"642","ITGAX",5.1734006174805e-11,4.67916314627616e-09
"673","PER1",5.35038388438708e-11,4.81216998714468e-09
"166","DCP1A",5.36107050093343e-11,4.81216998714468e-09
"558","WBP4",5.98110093798661e-11,5.34845845009316e-09
"510","TMPRSS13",6.54519088533305e-11,5.83087926352396e-09
"521","GPR162",7.41030470616783e-11,6.57685358135053e-09
"843","SLC9A8",7.81835126971192e-11,6.91311455367027e-09
"776","CRTC1",8.03249102734591e-11,7.07605724442439e-09
"38","THRAP3",9.05351670038073e-11,7.94596982403415e-09
"627","C16orf72",9.93984269086735e-11,8.69167720463039e-09
"451","PANO1",1.06145690790901e-10,9.21367924788273e-09
"702","SPATA20",1.06145690790901e-10,9.21367924788273e-09
"31","TRNP1",1.14547840835254e-10,9.90671600099644e-09
"549","MIR6880",1.150379686995e-10,9.91292634280742e-09
"64","S100A10",1.27862139637285e-10,1.09780765325534e-08
"434","GHITM",1.33461893291979e-10,1.14174963369676e-08
"85","FAM71A",1.35755191946342e-10,1.15719092933542e-08
"699","LSM12",1.61960252457104e-10,1.37310916722759e-08
"847","SLCO4A1",1.62244405124584e-10,1.37310916722759e-08
"831","FAM83C",1.67371712114945e-10,1.41146173024479e-08
"714","LINC00469",1.7998774558431e-10,1.51247149188347e-08
"481","HNRNPUL2-BSCL2",1.8332134345065e-10,1.53504094549472e-08
"617","LYSMD4",2.18624845115643e-10,1.82111425376446e-08
"421","TMEM72",2.19022476399068e-10,1.82111425376446e-08
"220","LIN54",2.21579662486933e-10,1.83593470697652e-08
"102","HPCAL1",2.38727987990022e-10,1.97112792034828e-08
"57","MIR548AC",2.41277057325677e-10,1.97571594066194e-08
"583","TSHR",2.41627514206339e-10,1.97571594066194e-08
"566","RAB20",2.41784876900858e-10,1.97571594066194e-08
"809","LENG1",2.47068703910691e-10,2.01195432184593e-08
"350","RAB19",2.63475760861665e-10,2.13821407710235e-08
"686","CCL1",2.88628376042405e-10,2.33434355872931e-08
"416","VIM",3.01221434994812e-10,2.42790623982043e-08
"611","TMC3-AS1",3.11293292820905e-10,2.50058208812779e-08
"600","BLOC1S6",3.17738298643106e-10,2.54373123748165e-08
"874","ARSA",3.19744119247167e-10,2.551170502963e-08
"370","KLF10",3.22371259000444e-10,2.56350057870252e-08
"186","RNF7",3.23838420964705e-10,2.56655487010054e-08
"209","LOC100129931",3.59741806977164e-10,2.84160053331262e-08
"471","MIR4487",4.21859497633122e-10,3.32119751342594e-08
"59","HIST2H2AB",4.29319246194929e-10,3.36873449572226e-08
"628","CLEC16A",4.45119175459113e-10,3.48118452173419e-08
"759","MIR1181",4.59961997024088e-10,3.58543402746046e-08
"222","MANBA",4.68284841413177e-10,3.63834291376002e-08
"52","KCNC4",4.77593633191068e-10,3.69854128291789e-08
"696","GJD3",6.65113524560331e-10,5.13393980179354e-08
"590","LINC00239",8.02476629706304e-10,6.17411970589295e-08
"106","PLB1",8.32800547685073e-10,6.38669080210135e-08
"457","RRM1",8.59697322521715e-10,6.57169272638615e-08
"349","AKR1D1",8.88351576646471e-10,6.76889624173358e-08
"743","KLF16",9.48340339943341e-10,7.20282725501197e-08
"258","CD74",9.89123785306001e-10,7.47146912700476e-08
"290","MDGA1",9.90016164864538e-10,7.47146912700476e-08
"84","LAMB3",1.01646730796897e-09,7.64673834823511e-08
"119","RANBP2",1.04355963265358e-09,7.8257065237316e-08
"376","KCNK9",1.17536068705561e-09,8.78628460604318e-08
"320","LOC101928618",1.31341809924404e-09,9.78744298672516e-08
"225","LARP1B",1.34865990566446e-09,1.00185560453074e-07
"67","RUSC1-AS1",1.47528423323715e-09,1.0924940773444e-07
"463","MIR3159",1.49469027186719e-09,1.10341667826906e-07
"538","THAP2",1.55881525326427e-09,1.147181523497e-07
"6","TNFRSF14",1.61054254977206e-09,1.18157977715011e-07
"596","EIF2AK4",1.64343674115088e-09,1.20199137206952e-07
"207","HTT-AS",1.73844503944834e-09,1.26756714153253e-07
"851","OLIG2",1.79489084709643e-09,1.30470946023448e-07
"723","CEP295NL",1.84177389702271e-09,1.33469468005343e-07
"812","LILRB3",1.92356220863873e-09,1.38971505055219e-07
"109","STPG4",2.3028881258952e-09,1.65870942004068e-07
"29","NIPAL3",2.73352753765834e-09,1.96292127454211e-07
"605","USP3",2.92429426802521e-09,2.09356499303304e-07
"819","ANGPT4",3.02943383291941e-09,2.16230402224974e-07
"223","SGMS2",3.05840762226444e-09,2.17642899173575e-07
"498","NUMA1",3.21570465287585e-09,2.2791446782441e-07
"663","MAP1LC3B",3.22198365705268e-09,2.2791446782441e-07
"621","TELO2",3.73607307543042e-09,2.63493225203794e-07
"134","MIR6809",3.80718900148148e-09,2.67486893700703e-07
"853","HLCS",3.81527493230525e-09,2.67486893700703e-07
"598","JMJD7",4.63106194660369e-09,3.22771396907846e-07
"761","CDKN2D",4.63106194660369e-09,3.22771396907846e-07
"803","FPR3",4.95787796425484e-09,3.44536170436794e-07
"79","INAVA",5.02010801220909e-09,3.47840642003856e-07
"204","C4orf48",6.25113516316204e-09,4.31875072773909e-07
"674","MYH10",6.31569251324262e-09,4.34359508592975e-07
"825","RALGAPA2",6.32375534728348e-09,4.34359508592975e-07
"593","KLF13",6.8540151098654e-09,4.6942079785688e-07
"864","CASTOR1",7.14337697737868e-09,4.87828830642486e-07
"643","GPT2",7.26915398604435e-09,4.94991787377279e-07
"326","ABHD11-AS1",7.44322341441841e-09,5.05392737110238e-07
"76","ARPC5",7.78321144919079e-09,5.26967890604212e-07
"574","LINC01588",7.85188192103847e-09,5.30102694822931e-07
"11","SLC25A33",8.55375818886787e-09,5.75847749436369e-07
"524","ETV6",8.58409715677359e-09,5.76253117065336e-07
"198","TM4SF19",8.72905382333438e-09,5.84328780936595e-07
"602","LIPC-AS1",9.79359759285473e-09,6.53743330022193e-07
"563","STK24",9.98066419388030e-09,6.64358987085341e-07
"88","TRIM11",1.05760785975103e-08,7.02020544888521e-07
"684","UTP6",1.07954307418457e-08,7.14579112540554e-07
"337","LAMTOR4",1.13665192870104e-08,7.50285257783523e-07
"20","CTRC",1.15000475644201e-08,7.56990630927952e-07
"467","CD44",1.17046279846823e-08,7.68322906795057e-07
"813","LILRA6",1.19371947952046e-08,7.81424599618682e-07
"377","CHRAC1",1.26966902361248e-08,8.28852530373139e-07
"253","CTNNA1",1.30460896740237e-08,8.49321942322361e-07
"356","TDRP",1.40649809295297e-08,9.13144802978259e-07
"401","TTC16",1.44265671476307e-08,9.34061097533893e-07
"486","FRMD8",1.45868510927861e-08,9.4186542328543e-07
"121","MCM6",1.52047682821586e-08,9.79096179299763e-07
"792","KCNN4",1.5834864711046e-08,1.01690728741912e-06
"124","ARL6IP6",1.67118182174173e-08,1.07032420621118e-06
"565","IRS2",1.74727848039335e-08,1.11604469406688e-06
"274","ERVFRD-1",1.78837674567995e-08,1.13922483178435e-06
"27","LDLRAD2",1.87409756643853e-08,1.1906297595682e-06
"263","PANK3",1.90560491442624e-08,1.20740961650157e-06
"32","SLC9A1",1.96360489883762e-08,1.24084120767347e-06
"608","SEMA7A",1.99529994436038e-08,1.25751656333798e-06
"850","BACH1",2.0547076378129e-08,1.28858917549405e-06
"697","PSMC3IP",2.06091613922541e-08,1.28858917549405e-06
"735","PALM",2.06091613922541e-08,1.28858917549405e-06
"476","DDB1",2.1780873468899e-08,1.35826673313816e-06
"836","CTNNBL1",2.25992150850089e-08,1.40559999965737e-06
"639","HSD3B7",2.2988466339824e-08,1.42606724307542e-06
"82","IKBKE",2.32964644117195e-08,1.44140030591257e-06
"339","FAM185A",2.38647640260829e-08,1.47271696126585e-06
"721","TMEM235",2.59480716575075e-08,1.59712065991677e-06
"675","PIK3R5",2.73242457094568e-08,1.67746800667616e-06
"435","LOXL4",3.0292832301686e-08,1.85490761512417e-06
"281","NRM",3.11078263621959e-08,1.8999024775901e-06
"645","C16orf78",3.68108105855486e-08,2.24243130705847e-06
"81","MIR5191",3.77236875532645e-08,2.29214929217874e-06
"763","ZNF20",3.98688542010296e-08,2.41629728389207e-06
"322","PURB",4.14357437771908e-08,2.50485413338799e-06
"425","C10orf71",4.33449062996634e-08,2.6135985867255e-06
"95","NLRP3",4.45149107003874e-08,2.67137678919689e-06
"175","ST3GAL6",4.45285830161106e-08,2.67137678919689e-06
"275","TMEM170B",4.51917576287155e-08,2.70431585991836e-06
"176","CCDC80",4.53216776327727e-08,2.705258929128e-06
"465","HIPK3",4.58145862944913e-08,2.72780967693608e-06
"855","CSTB",4.70056755320902e-08,2.79171301524798e-06
"807","MYADM",4.72868161050811e-08,2.80138920310526e-06
"791","SMG9",4.84321916351965e-08,2.86208889072133e-06
"118","RFX8",5.13925429791557e-08,3.02476919009131e-06
"158","EIF1B-AS1",5.14403504075114e-08,3.02476919009131e-06
"570","DCAF11",5.25876982470995e-08,3.08458090436019e-06
"104","RAB10",5.30020740528917e-08,3.10121024402808e-06
"561","LINC00563",5.34363689991342e-08,3.11892028613912e-06
"441","DUSP5",5.54567245195031e-08,3.22888943719574e-06
"580","SLC10A1",5.72481916228629e-08,3.32502548256613e-06
"340","LHFPL3-AS2",6.01399321308481e-08,3.48444002861787e-06
"653","ESRP2",6.12441843348163e-08,3.53976447849303e-06
"352","PRKAG2-AS1",6.40369775904981e-08,3.6921758101266e-06
"829","COX4I2",6.46689475171888e-08,3.71956322649229e-06
"687","TBC1D3B",6.56516985540665e-08,3.76694503785887e-06
"80","CSRP1",6.73402509899058e-08,3.84988284621112e-06
"368","YWHAZ",6.74220948296247e-08,3.84988284621112e-06
"305","IL20RA",6.93910436256296e-08,3.95278740576093e-06
"260","SMIM3",7.24522031372737e-08,4.11726584590881e-06
"357","CLN8",7.46919141157695e-08,4.23438825072103e-06
"114","TMEM127",7.61571628808026e-08,4.30715104722286e-06
"828","PYGB",7.64027233036445e-08,4.3107507955392e-06
"571","RNF31",7.70547912249192e-08,4.33721469752235e-06
"174","CPOX",7.76438322021129e-08,4.36001396135893e-06
"173","MIR1324",8.05049236880153e-08,4.50998859724562e-06
"454","TSSC4",8.65585867609153e-08,4.80369749525389e-06
"491","ALDH3B2",8.65585867609153e-08,4.80369749525389e-06
"736","TMEM259",8.65585867609153e-08,4.80369749525389e-06
"789","HNRNPUL1",8.65585867609153e-08,4.80369749525389e-06
"594","C15orf54",8.72621248971138e-08,4.83142657403483e-06
"780","RGS9BP",9.08038148403296e-08,5.01579953443191e-06
"336","SMURF1",9.10813880105356e-08,5.01943174810619e-06
"793","APOC4-APOC2",9.18789384762539e-08,5.04330494771571e-06
"753","RANBP3",9.1940234519694e-08,5.04330494771571e-06
"55","OLFML3",9.67757203286343e-08,5.29629155803152e-06
"739","MIDN",1.02156980452743e-07,5.57791236356833e-06
"361","EGR3",1.06123996409779e-07,5.78119619062653e-06
"884","RTL9",1.06670431621079e-07,5.79763582138696e-06
"576","SNAPC1",1.0693025178968e-07,5.79845807016031e-06
"711","GNA13",1.11816545674402e-07,6.04958146768562e-06
"212","CPEB2",1.14771645293429e-07,6.19531589639723e-06
"856","TRMT2A",1.23387946937665e-07,6.64528222404964e-06
"28","ELOA",1.25894170366778e-07,6.76488470562707e-06
"606","PKM",1.27172573256753e-07,6.818118706935e-06
"22","NBPF1",1.32694355419944e-07,7.09809963969842e-06
"50","KYAT3",1.3609625229588e-07,7.26367768165648e-06
"16","TNFRSF1B",1.38468988846943e-07,7.37370703080004e-06
"883","STARD8",1.39713739506186e-07,7.4233105046594e-06
"499","P2RY2",1.49127923666871e-07,7.90578167144037e-06
"648","ARL2BP",1.53444539097863e-07,8.11646259598674e-06
"840","TP53RK",1.59759911224221e-07,8.43169402289612e-06
"497","IL18BP",1.70102683155108e-07,8.95760729494801e-06
"418","MPP7",1.76608351467619e-07,9.2795745115924e-06
"308","CLDN20",1.82351211188106e-07,9.56012533523132e-06
"740","DAZAP1",1.83417407453382e-07,9.59479537400175e-06
"537","CAND1",1.86082231143328e-07,9.71275469472126e-06
"145","HES6",1.88758132969433e-07,9.83077247687178e-06
"259","NDST1",1.97844778041605e-07,1.02814204062542e-05
"470","MDK",2.0893056799963e-07,1.08337585774337e-05
"530","KRT80",2.15067683268861e-07,1.11276394987384e-05
"584","FOXN3",2.37575591894286e-07,1.22654222246599e-05
"833","SOGA1",2.38636761129044e-07,1.22934246271195e-05
"575","CGRRF1",2.43148310927822e-07,1.24986670803831e-05
"295","GCLC",2.43979761650238e-07,1.25142606316573e-05
"683","MIR365B",2.47208141521289e-07,1.26524650747948e-05
"863","OSM",2.69811623825934e-07,1.37795820038861e-05
"180","MIR7976",2.79430310524128e-07,1.4240129179549e-05
"532","ATF7",2.80529093273454e-07,1.42654461873413e-05
"316","RAC1",2.82845440505739e-07,1.4352437695213e-05
"710","LRRC37A3",2.88136044902535e-07,1.45896578120841e-05
"783","PLD3",2.903185728738e-07,1.46688256319625e-05
"873","MAPK11",3.12116268599809e-07,1.57366366319355e-05
"200","LMLN-AS1",3.187824608714e-07,1.60386156587464e-05
"276","LINC01108",3.30643047934947e-07,1.66001023451577e-05
"244","TMED7",3.3885342648824e-07,1.69048624157723e-05
"692","GRB7",3.3885342648824e-07,1.69048624157723e-05
"751","C19orf70",3.3885342648824e-07,1.69048624157723e-05
"71","NECTIN4",3.69712753546113e-07,1.84056368083661e-05
"314","INTS1",3.77762686253277e-07,1.87669651491486e-05
"217","SMIM14",3.88607003561371e-07,1.92653141493594e-05
"430","PLAU",3.93443968049988e-07,1.94643877053874e-05
"660","MEAK7",4.24297095970041e-07,2.09470172566709e-05
"228","DDX60L",4.79705250942949e-07,2.36332127475989e-05
"172","RYBP",4.9427318511816e-07,2.43003976509233e-05
"298","LYRM2",5.05737645514021e-07,2.48125569063059e-05
"722","PGS1",5.39886477984846e-07,2.63854186904531e-05
"830","GGT7",5.40023128027588e-07,2.63854186904531e-05
"123","KYNU",5.64164877044109e-07,2.75082615047618e-05
"100","ID2",5.67928476411871e-07,2.76349098676224e-05
"330","POMZP3",5.77270063453523e-07,2.80319030607749e-05
"656","ZFHX3",5.79816914933656e-07,2.80979988408647e-05
"400","LOC100505588",5.86284190771766e-07,2.83534213647317e-05
"197","MIR28",5.95385716707953e-07,2.87349395699152e-05
"493","TESMIN",6.38510991897434e-07,3.07536483231575e-05
"168","C3orf67",6.41811373803447e-07,3.08499069473028e-05
"277","JARID2",6.62778157973286e-07,3.17932267398643e-05
"728","DLGAP1-AS1",6.72249812928543e-07,3.218243195347e-05
"772","UNC13A",7.26828311037385e-07,3.47251017876067e-05
"875","XG",7.78118282015172e-07,3.71007423116972e-05
"578","ZFP36L1",8.78648841523415e-07,4.17286548167835e-05
"417","PLXDC2",8.78701892795501e-07,4.17286548167835e-05
"189","RNF13",9.91683919058863e-07,4.69998676598757e-05
"138","SLC23A3",1.03287963366327e-06,4.8757268284698e-05
"483","PLCB3",1.03287963366327e-06,4.8757268284698e-05
"53","CTTNBP2NL",1.07097986175163e-06,5.04552878408119e-05
"694","GSDMA",1.11543668707846e-06,5.24454428049571e-05
"383","PLIN2",1.22999199908908e-06,5.6993370344292e-05
"292","NFKBIE",1.23156641897125e-06,5.6993370344292e-05
"655","ATXN1L",1.23156641897125e-06,5.6993370344292e-05
"668","CLUH",1.23156641897125e-06,5.6993370344292e-05
"671","TMEM256",1.23156641897125e-06,5.6993370344292e-05
"680","TVP23B",1.23156641897125e-06,5.6993370344292e-05
"706","MIR4736",1.23156641897125e-06,5.6993370344292e-05
"799","SNRNP70",1.23156641897125e-06,5.6993370344292e-05
"662","GSE1",1.23381014417951e-06,5.6993370344292e-05
"517","ST3GAL4",1.24842270401907e-06,5.75561727959922e-05
"822","MIR103A2",1.26058959959913e-06,5.80042558091272e-05
"238","PIK3R1",1.30957829785612e-06,6.01416219463111e-05
"507","ZC3H12C",1.36467867318975e-06,6.25508520668813e-05
"115","NCAPH",1.38560075232864e-06,6.33872220616443e-05
"515","SLC37A2",1.51746631980953e-06,6.9285933295812e-05
"633","XYLT1",1.52834800396306e-06,6.96485820190626e-05
"194","RARRES1",1.53761863058693e-06,6.99365617831451e-05
"509","USP28",1.57204771377745e-06,7.13655453513109e-05
"755","TNFSF9",1.63274486134799e-06,7.39792638228743e-05
"773","IL12RB1",1.65100358242039e-06,7.4663801321786e-05
"741","MBD3",1.67388320304006e-06,7.54106658981755e-05
"778","RFXANK",1.67388320304006e-06,7.54106658981755e-05
"448","PTPRE",1.79314961798499e-06,8.06304867123157e-05
"447","ZRANB1",1.81097913384462e-06,8.1277978285447e-05
"182","RHO",1.82560780076626e-06,8.1779637154552e-05
"26","EIF4G3",1.89764333320813e-06,8.48461397491191e-05
"522","CLEC7A",1.98893626617968e-06,8.87075376726573e-05
"790","RABAC1",1.99149301775979e-06,8.87075376726573e-05
"726","ENOSF1",1.99697886957098e-06,8.87850061392563e-05
"484","POLA2",2.02244831981105e-06,8.97489847089183e-05
"626","ADCY9",2.05590466190464e-06,9.10631266787931e-05
"624","PAQR4",2.0976818536131e-06,9.2740236725876e-05
"504","PRSS23",2.17225537286395e-06,9.58583530181697e-05
"160","CLEC3B",2.18263746576138e-06,9.61374721675603e-05
"503","ANKRD42",2.22364105575033e-06,9.77618220744261e-05
"201","PCGF3",2.38986821049146e-06,0.000104722165816165
"58","CD58",2.39079595335042e-06,0.000104722165816165
"142","FBXO36",2.40668686249228e-06,0.000105223724318228
"232","ICE1",2.47974588044536e-06,0.000108107163838558
"255","DIAPH1",2.48176128320782e-06,0.000108107163838558
"631","CPPED1",2.49338478888927e-06,0.00010841420062809
"152","NKIRAS1",2.52112560038828e-06,0.000109419621524544
"77","SWT1",2.55491344167403e-06,0.000110629350736495
"161","CDCP1",2.55833583169174e-06,0.000110629350736495
"630","LITAF",2.80480602672249e-06,0.000121066463415743
"528","BCDIN3D-AS1",2.92266115712314e-06,0.000125924184436995
"229","SPCS3",2.9631400115033e-06,0.00012743653149291
"588","CLMN",3.02941594436043e-06,0.000130050850785343
"681","CRYBA1",3.18014526613355e-06,0.000136274687832851
"406","MIR6855",3.21898157463093e-06,0.000137689903202219
"90","B3GALNT2",3.27490666086928e-06,0.000139829663320035
"185","MSL2",3.39433687819686e-06,0.000144668347127034
"652","CENPT",3.78490669257368e-06,0.000161025015967538
"823","RNF24",4.17430204241204e-06,0.000176279200953682
"44","KIF2C",4.20296866855849e-06,0.000176279200953682
"116","EIF5B",4.20296866855849e-06,0.000176279200953682
"321","POLR2J4",4.20296866855849e-06,0.000176279200953682
"546","NRAV",4.20296866855849e-06,0.000176279200953682
"603","MINDY2",4.20296866855849e-06,0.000176279200953682
"719","MXRA7",4.20296866855849e-06,0.000176279200953682
"769","C19orf44",4.20296866855849e-06,0.000176279200953682
"344","AASS",4.28369748154039e-06,0.000179347666466542
"398","AKNA",4.32695833340658e-06,0.000180839385585072
"367","LOC100130298",4.38626042604781e-06,0.000182995093866294
"650","SETD6",4.51856482060917e-06,0.000188183533486776
"732","DSEL",4.52664301567999e-06,0.000188189227267665
"708","SCN4A",4.644420501468e-06,0.000192747517729049
"87","TMEM63A",4.67006195433796e-06,0.000193472828902004
"306","TAB2",4.72920354351073e-06,0.000195581040786342
"323","IKZF1",4.79146362884055e-06,0.000197810650893091
"466","LMO2",4.82548557512748e-06,0.000198868750737036
"727","GAPLINC",4.91781428530931e-06,0.000202321953331553
"782","SUPT5H",5.05321093624161e-06,0.000207531957636252
"667","MC1R",5.10425014957086e-06,0.000209265425249794
"551","RAN",5.14085495017626e-06,0.000210402141199183
"634","DCUN1D3",5.23537181517351e-06,0.000213901044662356
"65","SLC27A3",5.24582966030933e-06,0.000213959424200258
"414","LOC399715",5.28207931571236e-06,0.000214998033388646
"60","MTMR11",5.28943973775502e-06,0.000214998033388646
"40","MIR6732",5.33333036070152e-06,0.000216410838283466
"550","NCOR2",5.44034475905998e-06,0.000220375811547768
"762","ZNF440",5.57079741934661e-06,0.000225275062194977
"33","THEMIS2",5.69797431199935e-06,0.000230025378656642
"364","LOC102723701",5.7190676441124e-06,0.00023048426184104
"539","LINC02399",5.73081277690121e-06,0.000230565484506329
"826","LINC00656",5.93140121618152e-06,0.000238231211220091
"734","ZNF516",5.94678319524413e-06,0.000238444875427581
"717","PRPSAP1",6.02209066807158e-06,0.000241056558380561
"514","NRGN",6.51941047331093e-06,0.000260523558155226
"766","DDX39A",6.5645488781846e-06,0.000261885715094849
"446","LHPP",6.60366721043021e-06,0.000262737682661931
"835","MROH8",6.60807945590204e-06,0.000262737682661931
"455","KCNQ1",6.62232527022117e-06,0.000262863051806417
"541","DRAM1",6.83640525344248e-06,0.000270906848312419
"547","CAMKK2",6.9242446557295e-06,0.000273929591998033
"264","LCP2",6.96466148543488e-06,0.000275069305367251
"83","IL10",7.24248607599533e-06,0.000285566044164495
"805","ZNF888",7.55776346893854e-06,0.000297502194224978
"366","POMK",7.72954346489842e-06,0.000303759521538471
"331","SEMA3C",8.26946841653973e-06,0.000324439723620434
"325","STX1A",8.30934986869072e-06,0.000325465560063411
"880","USP9X",8.47976246507937e-06,0.000331592295602287
"704","TRIM25",8.51102710350667e-06,0.000332266572111693
"384","UBAP1",8.55253732447688e-06,0.000333337955556133
"808","CACNG6",8.65363175285196e-06,0.000336724321259988
"215","PGM2",9.31489911474171e-06,0.000361860925118089
"646","CNEP1R1",9.51952590940721e-06,0.000369204918944718
"300","CALHM6",9.72075210436825e-06,0.000376393239570612
"167","ABHD6",9.92741860571394e-06,0.000383768415496906
"439","SH3PXD2A-AS1",1.01430309522736e-05,0.000391464828136853
"243","MAN2A1",1.03101791107041e-05,0.000397268803880252
"91","LYST",1.04428891340177e-05,0.000401729129559769
"379","MAFA",1.05545633398913e-05,0.000405367078550088
"311","TBP",1.08485378650256e-05,0.000415983498038043
"221","ABRAXAS1",1.09083878549692e-05,0.000417602693052028
"147","ATG4B",1.11942966999469e-05,0.000427856853062326
"774","JUND",1.13831339696358e-05,0.000434373793363059
"572","KHNYN",1.14061892639137e-05,0.000434553805445279
"419","LOC105376468",1.16559929037696e-05,0.00044291846633337
"475","PATL1",1.16631271043602e-05,0.00044291846633337
"7","WRAP73",1.2202386242338e-05,0.000462655914855496
"154","LRRFIP2",1.22990506035796e-05,0.000465576041777995
"860","SPECC1L",1.23326274424048e-05,0.000466025444878297
"492","ALDH3B1",1.23502544365772e-05,0.000466025444878297
"164","ARIH2",1.23900719360325e-05,0.000466154048783006
"372","LINC00964",1.23930054746716e-05,0.000466154048783006
"531","C12orf80",1.26659554812173e-05,0.000474945218659515
"450","PHRF1",1.26668092244931e-05,0.000474945218659515
"112","PCBP1",1.30371520954571e-05,0.000488059072995336
"709","ARHGAP27P1",1.31074028702791e-05,0.000489912805481228
"117","RPL31",1.31280175330455e-05,0.000489912805481228
"610","CHRNB4",1.32312941834434e-05,0.0004929905318633
"43","CDC20",1.33526409309788e-05,0.000494402393970946
"62","PI4KB",1.33526409309788e-05,0.000494402393970946
"473","PSMC3",1.33526409309788e-05,0.000494402393970946
"666","FANCA",1.33526409309788e-05,0.000494402393970946
"163","UCN2",1.37754507324689e-05,0.000509261865846047
"125","WDSUB1",1.4060512509949e-05,0.000518990599607884
"247","PDLIM4",1.41374344977626e-05,0.000521018328605723
"126","HAT1",1.42266795265376e-05,0.000523493206118573
"876","LOC101928201",1.44738596823715e-05,0.000531762872702568
"641","PRSS8",1.50257186414435e-05,0.000550954343974335
"296","CD109",1.50620709466893e-05,0.000550954343974335
"315","AMZ1",1.50659752245166e-05,0.000550954343974335
"701","LOC100288866",1.51321549385511e-05,0.000552521842186202
"409","CAMSAP1",1.59461359720879e-05,0.000581347052508563
"494","MIR3164",1.72269797846577e-05,0.000627077941562264
"659","MAF",1.74604320274349e-05,0.000634601008825346
"632","ERCC4",1.76840930312607e-05,0.000641745716021108
"859","BMS1P20",1.85701594525735e-05,0.000672564563473931
"86","HLX",1.85901079915359e-05,0.000672564563473931
"811","TSEN34",1.8628172224231e-05,0.000672914324996344
"519","ST14",1.90361031828148e-05,0.000686603557265086
"266","SMIM23",1.96732130701535e-05,0.000708504757026485
"453","CTSD",2.00483540795756e-05,0.000720919342372844
"784","MIR6796",2.01671740438055e-05,0.000724093217145546
"127","DLX2",2.02783652243966e-05,0.000726983995041642
"581","RGS6",2.03225679877028e-05,0.000727468117227484
"846","CABLES2",2.04534556284615e-05,0.000731049076964784
"477","FTH1",2.06024199305354e-05,0.000735264375141413
"748","SMIM24",2.08295965500439e-05,0.00074225405931788
"353","KMT2C",2.09810939352997e-05,0.000746530004481678
"579","ERH",2.13369873264365e-05,0.000758054855584057
"181","LINC01565",2.21801956049223e-05,0.000786832477918927
"132","MIR1302-4",2.23032978163685e-05,0.000790016813683832
"487","NEAT1",2.2942306918932e-05,0.000811438577698404
"647","NUP93",2.30433927992571e-05,0.00081379922379135
"523","TMEM52B",2.34714957340756e-05,0.000827684575015459
"143","GIGYF2",2.44820809693101e-05,0.000862038443877774
"240","RASA1",2.47542117589355e-05,0.000870327234497768
"482","OTUB1",2.51223477298485e-05,0.000881961887635881
"97","TMEM18",2.56199204662144e-05,0.000898099490070832
"35","KHDRBS1",2.71486552022395e-05,0.00095028313490025
"810","TMC4",2.74551202142303e-05,0.000958783796252279
"17","MIR6730",2.7472431010478e-05,0.000958783796252279
"500","PGM2L1",2.75668179175582e-05,0.000960663064988788
"436","GOT1",2.79426707133663e-05,0.00097233108354573
"399","MEGF9",2.8100871815936e-05,0.000976402286542866
"335","TMEM130",2.85176884726674e-05,0.00098943435393382
"122","DARS",2.92757192469288e-05,0.0010142495891732
"713","KCNJ2-AS1",2.94108764991041e-05,0.001016424684
"867","DESI1",2.94242871766047e-05,0.001016424684
"218","CXCL3",3.07045863967014e-05,0.00105910710894124
"422","BMS1P2",3.12127041068169e-05,0.00107506896688843
"293","SUPT3H",3.15032754511667e-05,0.00108350234886255
"677","MED9",3.40738039772566e-05,0.00117021294615804
"526","TUBA1B",3.43697064887829e-05,0.00117866705450751
"9","ENO1",3.49781213208607e-05,0.0011977984695671
"785","PRX",3.52845572969002e-05,0.00120654856315244
"390","C9orf47",3.53627263539891e-05,0.00120747914468369
"749","HMG20B",3.54639071688471e-05,0.00120919166644629
"391","SEMA4D",3.60497623485475e-05,0.00122740117582404
"691","PSMB3",3.77312504386876e-05,0.00128280838112709
"832","DSN1",3.80347992711141e-05,0.00129127598614268
"469","ALKBH3",3.81992768964064e-05,0.0012950046704065
"187","XRN1",3.84920249124103e-05,0.00130306502049913
"360","DOK2",3.92391212992435e-05,0.00132646142286472
"5","PEX10",3.9731361277902e-05,0.00133170306676442
"234","LOC153684",3.9731361277902e-05,0.00133170306676442
"490","TMEM134",3.9731361277902e-05,0.00133170306676442
"587","IFI27L1",3.9731361277902e-05,0.00133170306676442
"720","AFMID",3.9731361277902e-05,0.00133170306676442
"744","ABHD17A",3.9731361277902e-05,0.00133170306676442
"431","VDAC2",4.02593009228937e-05,0.00134591013660326
"30","MIR4425",4.02991052376231e-05,0.00134591013660326
"589","WARS",4.03256191496103e-05,0.00134591013660326
"577","MIR7855",4.16782866109738e-05,0.00138910036261638
"69","CD1D",4.19147180426831e-05,0.00139501836159756
"188","HPS3",4.38468435695016e-05,0.00145727721187444
"348","ZC3HC1",4.46050050287197e-05,0.00148039888538595
"162","PTPN23",4.49917418992997e-05,0.00148962148338152
"239","LINC02056",4.5008607929323e-05,0.00148962148338152
"818","ZNF274",4.60064161012673e-05,0.00152052167692013
"554","GJA3",4.64546359352382e-05,0.00153319708601301
"562","KCNRG",4.71965302090099e-05,0.00155551623972588
"478","SCGB1D4",4.73888700263697e-05,0.00155968618474289
"738","STK11",4.81464340334228e-05,0.0015824217022053
"841","MIR3616",5.02285300742458e-05,0.00164856714289391
"690","AATF",5.045705110803e-05,0.00165377695727107
"279","HIST1H2BE",5.06644980002814e-05,0.00165828260927164
"750","PIP5K1C",5.15612111304931e-05,0.00168530485539213
"599","PLA2G4F",5.35368299792416e-05,0.00174746867771086
"386","SHB",5.48942125607571e-05,0.00178930970433599
"426","ASAH2",5.67201951476149e-05,0.00184628909946845
"297","AKIRIN2",5.84385852953161e-05,0.00189961475410577
"235","C5orf34",5.96965518437935e-05,0.00193726314506867
"767","ADGRE2",5.97602801639532e-05,0.00193726314506867
"246","RAPGEF6",5.99770491006847e-05,0.00194163406084553
"149","IQSEC1",6.04555746041683e-05,0.00195445532250338
"705","CUEDC1",6.40710689706543e-05,0.00206851787656348
"230","LINC01511",6.44285511624684e-05,0.00207722908421362
"249","C5orf56",6.69685177520599e-05,0.00215618609398174
"262","MIR1303",6.73890913255579e-05,0.0021667833068409
"66","KCNN3",6.77993362333258e-05,0.00217702015002862
"387","OSTF1",6.98153690754859e-05,0.00223872097561812
"752","DUS3L",7.15457809506723e-05,0.00229110860971362
"844","MOCS3",7.23383976579231e-05,0.00231336438501998
"804","ZNF808",7.73183516955172e-05,0.00246928973063163
"540","PLXNC1",7.75480863003295e-05,0.00247329340653958
"424","TMEM273",7.92124670324276e-05,0.00252298095600462
"595","THBS1",7.9566859729027e-05,0.00253086694630705
"73","MGST3",8.58560207894139e-05,0.00272725217781064
"159","CTNNB1",8.79534006064207e-05,0.00279013619032176
"437","DNMBP",8.99355112143389e-05,0.00284539627402695
"682","NF1",8.99355112143389e-05,0.00284539627402695
"888","LOC105373383",9.14197344847111e-05,0.00288849793077893
"63","RFX5",9.28153818310096e-05,0.0029286898844866
"393","NINJ1",9.32126137487187e-05,0.00293731290957897
"543","SH2B3",9.71243781857047e-05,0.00305651578999554
"151","EAF1",9.80849818310982e-05,0.0030826522738084
"586","MIR4506",9.89482115841795e-05,0.00310566327140437
"472","SLC39A13",0.000102540594941312,0.00321415936286278
"155","ITGA9-AS1",0.000103878099522586,0.00325178246286226
"564","PCCA",0.000104305160181481,0.00326084351031736
"148","TIMP4",0.000104481836181705,0.00326206333596555
"54","SLC16A1-AS1",0.000105958213104837,0.00330380496834911
"775","LSM4",0.000106815513948115,0.00332615930884162
"2","ATAD3A",0.00011165359012831,0.00343171870981915
"14","KIAA2013",0.00011165359012831,0.00343171870981915
"177","NAA50",0.00011165359012831,0.00343171870981915
"287","SNRPC",0.00011165359012831,0.00343171870981915
"363","ERLIN2",0.00011165359012831,0.00343171870981915
"415","SUV39H2",0.00011165359012831,0.00343171870981915
"438","GBF1",0.00011165359012831,0.00343171870981915
"511","ARCN1",0.00011165359012831,0.00343171870981915
"848","PPDPF",0.00011165359012831,0.00343171870981915
"868","RRP7A",0.00011165359012831,0.00343171870981915
"378","LY6K",0.000112839619711092,0.0034636793630748
"309","SYTL3",0.000114463218424981,0.00350897139329466
"869","PARVB",0.000114814643482522,0.00351519716615676
"877","WWC3",0.000115187828553643,0.00352207222352991
"150","NR2C2",0.000115557664197211,0.00352432417934608
"861","ADORA2A-AS1",0.000115558926756632,0.00352432417934608
"464","ARL14EP",0.000115938426204137,0.00352702194867834
"730","ZBTB7C",0.000115945060472652,0.00352702194867834
"816","SBK2",0.000117409693152526,0.00356699679312232
"640","STX4",0.000118938413511409,0.00360881380919315
"94","ZNF695",0.000119864504190147,0.00362762344290411
"458","TRIM21",0.000119864504190147,0.00362762344290411
"236","IL31RA",0.000120988858358425,0.00365698083739744
"468","TRAF6",0.00012147531740818,0.00366700712945433
"462","HPS5",0.000121696540723163,0.00366901135561934
"49","MIER1",0.000122595114101218,0.00369140586894101
"1","MIR200B",0.000123057536335738,0.00370062746008628
"199","CEP19",0.000125434700210009,0.00376733344851278
"693","ORMDL3",0.000126796309449294,0.00380340777850624
"317","GPNMB",0.000127271942417765,0.00381284857076332
"103","SDC1",0.000129148016689049,0.00386416736298031
"137","TTLL4",0.000131802784102123,0.00393862619781591
"480","AHNAK",0.000138150501469897,0.00412311389588432
"252","KDM3B",0.000139813812280469,0.00416750680454122
"128","SP9",0.000140404797431152,0.00417986493056031
"192","RAP2B",0.000144260738511417,0.00428659793189349
"817","U2AF2",0.000144351823000844,0.00428659793189349
"604","LACTB",0.00014525295603026,0.00430795907265216
"318","SKAP2",0.000145793983598268,0.00431860003666019
"216","FAM114A1",0.000148386342870429,0.00438990158177349
"107","SLC30A6",0.000149244704143466,0.00440979021706698
"397","MUSK",0.000150515782114226,0.0044418088278466
"712","MIR548AA2",0.000157110204459084,0.00463064740679964
"685","SUZ12",0.000158357153145103,0.0046616018112789
"788","LTBP4",0.000161433199579867,0.00474625624124579
"139","ABCB6",0.00016712547820623,0.00490752472992942
"248","P4HA2",0.000167901443030941,0.00492420853403986
"718","RHBDF2",0.000170087233353275,0.00498214730379797
"520","CACNA1C-IT3",0.000172582103664808,0.00504898532166043
"15","MIR7846",0.000174749347842769,0.00510608544491998
"12","DRAXIN",0.000175226338199506,0.00511371740925333
"820","TGM3",0.000176853397801715,0.00514946363533611
"707","YPEL2",0.000176885825174646,0.00514946363533611
"13","CLCN6",0.00017975468278778,0.00522656039021108
"527","FMNL3",0.000180851148346898,0.00525199713526525
"654","ST3GAL2",0.000195901476932284,0.00568210195699428
"679","LLGL1",0.000196382799650062,0.0056890992705471
"135","CTDSP1",0.000200583782109404,0.00579831963013749
"231","MIR6075",0.000200642363873602,0.00579831963013749
"328","SNORA14A",0.000203160396384307,0.00586393655678309
"286","HMGA1",0.000203779472948642,0.00587464984241358
"556","LINC00365",0.000208803302021685,0.00601216506440812
"870","TBC1D22A",0.000212872691843804,0.00612189827502746
"195","LOC101928882",0.000213192552533756,0.00612366535441505
"169","PROK2",0.000220696493347522,0.00633153123832474
"557","LINC00598",0.000221606848626944,0.00634996069155102
"591","EIF5",0.000222886898792488,0.00637173079395437
"18","DHRS3",0.000222904368830999,0.00637173079395437
"770","CPAMD8",0.000224271977549206,0.00640310006263077
"635","ARHGAP17",0.000228213121326218,0.00650778139117615
"313","LOC101927021",0.000233142988451117,0.0066403718717862
"452","IFITM10",0.000233521540667573,0.00664316920672205
"544","SDSL",0.000236192829984256,0.006711104906639
"388","AGTPBP1",0.000240045840511708,0.00681059642626488
"881","MIR222",0.000240269173834555,0.00681059642626488
"724","MIR6787",0.000240951827273872,0.00682178667970005
"501","ACER3",0.000242216462786159,0.00684940754014752
"512","H2AFX",0.000246296927177797,0.0069564937822792
"202","GAK",0.000246806142899428,0.00696257758129493
"756","ADGRE1",0.000251460421541319,0.00708544305501147
"131","C2orf69",0.000253966390858538,0.00713915409876365
"845","RBM38",0.000253969148215291,0.00713915409876365
"257","ARHGAP26-AS1",0.000254977690881105,0.00715233969183547
"858","TOP3B",0.00025504186351019,0.00715233969183547
"872","MIR6821",0.000257342250662614,0.00720832070207089
"113","MIR4436A",0.000257940445822175,0.00721654633370495
"282","FLOT1",0.000260753217544245,0.00728663796715328
"214","RELL1",0.000261826197436613,0.0073080040054834
"842","SULF2",0.000263719811856439,0.00735219809595533
"505","SLC36A4",0.000264764147888942,0.00737237428576849
"459","IPO7",0.00026506574213929,0.00737237428576849
"19","FHAD1",0.000267750798972434,0.00743832436488836
"733","CYB5A",0.000274288649615091,0.00761102825518597
"108","CDC42EP3",0.000276098146447437,0.00764620565492267
"101","CPSF3",0.000276201715010921,0.00764620565492267
"824","SLX4IP",0.000279163484849929,0.00771917981387255
"672","ATP1B2",0.000285808602485414,0.00789371381479819
"242","LINC02113",0.000287069297153285,0.00791284281422239
"211","MIR3138",0.000287169043348578,0.00791284281422239
"394","PHF2",0.000290516380383399,0.00799578009982046
"396","FAM206A",0.00029384132582804,0.00801283992882287
"405","TOR1B",0.00029384132582804,0.00801283992882287
"597","RAD51-AS1",0.00029384132582804,0.00801283992882287
"601","FAM214A",0.00029384132582804,0.00801283992882287
"638","ZNF771",0.00029384132582804,0.00801283992882287
"729","RNMT",0.00029384132582804,0.00801283992882287
"806","ZNF765",0.00029384132582804,0.00801283992882287
"882","OTUD5",0.00029384132582804,0.00801283992882287
"74","FAM78B",0.000296705683573493,0.00807643164287839
"120","PAX8",0.000296854958895517,0.00807643164287839
"754","ACSBG2",0.000302198780373169,0.00821239047993462
"191","P2RY1",0.000304070684482996,0.00825379497158482
"408","RALGDS",0.000307614747111467,0.00834044240537808
"886","INTS6L-AS1",0.000314118611498193,0.00850704998476877
"170","LINC00870",0.000315996779300207,0.00854814575237102
"327","GTF2IRD1",0.000331083760582488,0.00894605686946775
"47","MAST2",0.000333467243588043,0.00899428538599246
"423","ARHGAP22",0.000333627752639042,0.00899428538599246
"338","MIR4285",0.000336593579820792,0.00906392961478785
"251","C5orf66-AS2",0.000342511052068259,0.00919953954232696
"268","PDLIM7",0.000342741909813423,0.00919953954232696
"346","MIR129-1",0.000342794168708052,0.00919953954232696
"525","VDR",0.000354253863802632,0.00949632783996716
"380","NAPRT",0.000355897522091846,0.00952960856611354
"371","TATDN1",0.000360506475761893,0.00964212410398371
"545","TAOK3",0.000368248095367726,0.00983389393760461
"815","PTPRH",0.000368510408429259,0.00983389393760461
"343","ST7-AS2",0.000368921454636895,0.00983389393760461
